session_date,device_type,channel,product,sessions,users,conversions,avg_session_duration_seconds,conversion_rate_pct
2026-01-01,Desktop,Direct,Credit Card,3,3,1,215.0,33.33
2026-01-01,Desktop,Direct,Fixed Deposit,4,4,0,197.0,0.0
2026-01-01,Desktop,Direct,Personal Loan,6,6,1,212.0,16.67
2026-01-01,Desktop,Direct,Savings Account,10,10,1,166.1,10.0
2026-01-01,Desktop,Email,Credit Card,1,1,1,601.0,100.0
2026-01-01,Desktop,Email,Fixed Deposit,2,2,1,269.5,50.0
2026-01-01,Desktop,Email,Personal Loan,3,3,0,276.6666666666667,0.0
2026-01-01,Desktop,Email,Savings Account,4,4,1,289.25,25.0
2026-01-01,Desktop,Organic,Credit Card,8,8,3,304.0,37.5
2026-01-01,Desktop,Organic,Fixed Deposit,2,2,1,206.5,50.0
2026-01-01,Desktop,Organic,Personal Loan,4,4,2,265.0,50.0
2026-01-01,Desktop,Organic,Savings Account,9,9,4,289.8888888888889,44.44
2026-01-01,Desktop,Paid Search,Credit Card,6,6,2,195.16666666666666,33.33
2026-01-01,Desktop,Paid Search,Fixed Deposit,4,4,0,144.0,0.0
2026-01-01,Desktop,Paid Search,Personal Loan,8,8,3,233.875,37.5
2026-01-01,Desktop,Paid Search,Savings Account,9,9,2,215.44444444444446,22.22
2026-01-01,Desktop,Referral,Credit Card,6,6,1,172.0,16.67
2026-01-01,Desktop,Referral,Fixed Deposit,2,2,0,213.0,0.0
2026-01-01,Desktop,Referral,Personal Loan,4,4,1,228.25,25.0
2026-01-01,Desktop,Referral,Savings Account,6,6,0,201.66666666666666,0.0
2026-01-01,Mobile,Direct,Credit Card,11,11,2,256.54545454545456,18.18
2026-01-01,Mobile,Direct,Fixed Deposit,9,9,5,276.6666666666667,55.56
2026-01-01,Mobile,Direct,Personal Loan,8,8,1,254.5,12.5
2026-01-01,Mobile,Direct,Savings Account,21,21,4,211.23809523809524,19.05
2026-01-01,Mobile,Email,Credit Card,3,3,1,195.33333333333334,33.33
2026-01-01,Mobile,Email,Fixed Deposit,4,4,2,299.0,50.0
2026-01-01,Mobile,Email,Personal Loan,6,6,1,204.0,16.67
2026-01-01,Mobile,Email,Savings Account,8,8,6,365.625,75.0
2026-01-01,Mobile,Organic,Credit Card,28,28,4,217.46428571428572,14.29
2026-01-01,Mobile,Organic,Fixed Deposit,12,12,4,234.33333333333334,33.33
2026-01-01,Mobile,Organic,Personal Loan,18,18,5,272.6111111111111,27.78
2026-01-01,Mobile,Organic,Savings Account,15,15,2,208.73333333333332,13.33
2026-01-01,Mobile,Paid Search,Credit Card,15,15,2,155.6,13.33
2026-01-01,Mobile,Paid Search,Fixed Deposit,3,3,0,215.0,0.0
2026-01-01,Mobile,Paid Search,Personal Loan,11,11,0,194.36363636363637,0.0
2026-01-01,Mobile,Paid Search,Savings Account,16,16,4,241.0625,25.0
2026-01-01,Mobile,Referral,Credit Card,6,6,2,267.3333333333333,33.33
2026-01-01,Mobile,Referral,Fixed Deposit,2,2,2,341.0,100.0
2026-01-01,Mobile,Referral,Personal Loan,4,4,1,242.75,25.0
2026-01-01,Mobile,Referral,Savings Account,7,7,1,182.85714285714286,14.29
2026-01-01,Tablet,Direct,Credit Card,3,3,0,311.6666666666667,0.0
2026-01-01,Tablet,Direct,Fixed Deposit,2,2,0,154.0,0.0
2026-01-01,Tablet,Email,Credit Card,1,1,0,92.0,0.0
2026-01-01,Tablet,Email,Fixed Deposit,1,1,0,300.0,0.0
2026-01-01,Tablet,Email,Savings Account,3,3,2,272.3333333333333,66.67
2026-01-01,Tablet,Organic,Credit Card,1,1,1,299.0,100.0
2026-01-01,Tablet,Organic,Fixed Deposit,3,3,2,253.0,66.67
2026-01-01,Tablet,Organic,Personal Loan,2,2,0,149.5,0.0
2026-01-01,Tablet,Organic,Savings Account,4,4,2,246.5,50.0
2026-01-01,Tablet,Paid Search,Credit Card,2,2,0,147.0,0.0
2026-01-01,Tablet,Paid Search,Fixed Deposit,1,1,0,438.0,0.0
2026-01-01,Tablet,Paid Search,Savings Account,1,1,0,318.0,0.0
2026-01-02,Desktop,Direct,Credit Card,5,5,0,210.6,0.0
2026-01-02,Desktop,Direct,Fixed Deposit,2,2,1,254.0,50.0
2026-01-02,Desktop,Direct,Personal Loan,2,2,0,219.0,0.0
2026-01-02,Desktop,Direct,Savings Account,8,8,5,316.875,62.5
2026-01-02,Desktop,Email,Credit Card,4,4,0,182.5,0.0
2026-01-02,Desktop,Email,Fixed Deposit,3,3,0,374.3333333333333,0.0
2026-01-02,Desktop,Email,Personal Loan,1,1,0,81.0,0.0
2026-01-02,Desktop,Email,Savings Account,7,7,4,388.85714285714283,57.14
2026-01-02,Desktop,Organic,Credit Card,6,6,2,262.0,33.33
2026-01-02,Desktop,Organic,Fixed Deposit,3,3,1,302.0,33.33
2026-01-02,Desktop,Organic,Personal Loan,2,2,0,158.5,0.0
2026-01-02,Desktop,Organic,Savings Account,7,7,1,187.57142857142858,14.29
2026-01-02,Desktop,Paid Search,Credit Card,5,5,4,360.4,80.0
2026-01-02,Desktop,Paid Search,Fixed Deposit,2,2,0,235.0,0.0
2026-01-02,Desktop,Paid Search,Personal Loan,4,4,0,212.0,0.0
2026-01-02,Desktop,Paid Search,Savings Account,10,10,5,275.9,50.0
2026-01-02,Desktop,Referral,Credit Card,1,1,0,139.0,0.0
2026-01-02,Desktop,Referral,Fixed Deposit,4,4,0,164.75,0.0
2026-01-02,Desktop,Referral,Personal Loan,2,2,1,345.5,50.0
2026-01-02,Desktop,Referral,Savings Account,2,2,0,145.5,0.0
2026-01-02,Mobile,Direct,Credit Card,13,13,3,258.15384615384613,23.08
2026-01-02,Mobile,Direct,Fixed Deposit,8,8,3,250.0,37.5
2026-01-02,Mobile,Direct,Personal Loan,18,18,2,185.22222222222223,11.11
2026-01-02,Mobile,Direct,Savings Account,15,15,8,264.53333333333336,53.33
2026-01-02,Mobile,Email,Credit Card,10,10,2,215.6,20.0
2026-01-02,Mobile,Email,Fixed Deposit,1,1,0,149.0,0.0
2026-01-02,Mobile,Email,Personal Loan,7,7,2,219.85714285714286,28.57
2026-01-02,Mobile,Email,Savings Account,11,11,7,244.63636363636363,63.64
2026-01-02,Mobile,Organic,Credit Card,23,23,3,223.43478260869566,13.04
2026-01-02,Mobile,Organic,Fixed Deposit,14,14,3,243.21428571428572,21.43
2026-01-02,Mobile,Organic,Personal Loan,16,16,1,204.5625,6.25
2026-01-02,Mobile,Organic,Savings Account,24,24,9,221.33333333333334,37.5
2026-01-02,Mobile,Paid Search,Credit Card,18,18,3,246.27777777777777,16.67
2026-01-02,Mobile,Paid Search,Fixed Deposit,7,7,5,317.14285714285717,71.43
2026-01-02,Mobile,Paid Search,Personal Loan,12,12,2,233.58333333333334,16.67
2026-01-02,Mobile,Paid Search,Savings Account,17,17,6,246.7058823529412,35.29
2026-01-02,Mobile,Referral,Credit Card,5,5,2,325.8,40.0
2026-01-02,Mobile,Referral,Fixed Deposit,2,2,0,83.0,0.0
2026-01-02,Mobile,Referral,Personal Loan,3,3,0,149.0,0.0
2026-01-02,Mobile,Referral,Savings Account,5,5,2,319.2,40.0
2026-01-02,Tablet,Direct,Credit Card,2,2,0,190.5,0.0
2026-01-02,Tablet,Direct,Savings Account,1,1,0,200.0,0.0
2026-01-02,Tablet,Email,Credit Card,1,1,0,66.0,0.0
2026-01-02,Tablet,Organic,Credit Card,4,4,1,301.0,25.0
2026-01-02,Tablet,Organic,Fixed Deposit,1,1,0,258.0,0.0
2026-01-02,Tablet,Organic,Personal Loan,2,2,0,97.0,0.0
2026-01-02,Tablet,Organic,Savings Account,5,5,1,291.2,20.0
2026-01-02,Tablet,Paid Search,Credit Card,1,1,1,443.0,100.0
2026-01-02,Tablet,Paid Search,Personal Loan,1,1,0,189.0,0.0
2026-01-02,Tablet,Paid Search,Savings Account,2,2,0,234.0,0.0
2026-01-02,Tablet,Referral,Credit Card,2,2,0,253.5,0.0
2026-01-02,Tablet,Referral,Fixed Deposit,1,1,0,439.0,0.0
2026-01-03,Desktop,Direct,Credit Card,10,10,3,225.3,30.0
2026-01-03,Desktop,Direct,Fixed Deposit,5,5,1,217.4,20.0
2026-01-03,Desktop,Direct,Personal Loan,6,6,0,204.33333333333334,0.0
2026-01-03,Desktop,Direct,Savings Account,6,6,1,194.83333333333334,16.67
2026-01-03,Desktop,Email,Credit Card,8,8,4,338.875,50.0
2026-01-03,Desktop,Email,Fixed Deposit,2,2,0,121.5,0.0
2026-01-03,Desktop,Email,Personal Loan,2,2,0,168.5,0.0
2026-01-03,Desktop,Email,Savings Account,5,5,3,279.4,60.0
2026-01-03,Desktop,Organic,Credit Card,7,7,3,280.0,42.86
2026-01-03,Desktop,Organic,Fixed Deposit,5,5,1,221.4,20.0
2026-01-03,Desktop,Organic,Personal Loan,5,5,2,232.4,40.0
2026-01-03,Desktop,Organic,Savings Account,4,4,1,170.25,25.0
2026-01-03,Desktop,Paid Search,Credit Card,1,1,0,164.0,0.0
2026-01-03,Desktop,Paid Search,Fixed Deposit,1,1,0,108.0,0.0
2026-01-03,Desktop,Paid Search,Personal Loan,4,4,0,96.25,0.0
2026-01-03,Desktop,Paid Search,Savings Account,6,6,2,240.0,33.33
2026-01-03,Desktop,Referral,Credit Card,1,1,1,288.0,100.0
2026-01-03,Desktop,Referral,Fixed Deposit,3,3,1,329.6666666666667,33.33
2026-01-03,Desktop,Referral,Personal Loan,2,2,0,215.5,0.0
2026-01-03,Desktop,Referral,Savings Account,1,1,0,451.0,0.0
2026-01-03,Mobile,Direct,Credit Card,29,29,5,233.75862068965517,17.24
2026-01-03,Mobile,Direct,Fixed Deposit,6,6,2,269.0,33.33
2026-01-03,Mobile,Direct,Personal Loan,14,14,3,216.92857142857142,21.43
2026-01-03,Mobile,Direct,Savings Account,14,14,2,251.14285714285714,14.29
2026-01-03,Mobile,Email,Credit Card,10,10,1,261.8,10.0
2026-01-03,Mobile,Email,Fixed Deposit,4,4,0,109.0,0.0
2026-01-03,Mobile,Email,Personal Loan,4,4,0,279.25,0.0
2026-01-03,Mobile,Email,Savings Account,4,4,2,268.25,50.0
2026-01-03,Mobile,Organic,Credit Card,19,19,4,254.1578947368421,21.05
2026-01-03,Mobile,Organic,Fixed Deposit,9,9,2,259.1111111111111,22.22
2026-01-03,Mobile,Organic,Personal Loan,12,12,1,184.5,8.33
2026-01-03,Mobile,Organic,Savings Account,18,18,4,211.94444444444446,22.22
2026-01-03,Mobile,Paid Search,Credit Card,12,12,2,218.25,16.67
2026-01-03,Mobile,Paid Search,Fixed Deposit,4,4,2,270.0,50.0
2026-01-03,Mobile,Paid Search,Personal Loan,15,15,1,154.73333333333332,6.67
2026-01-03,Mobile,Paid Search,Savings Account,8,8,0,248.75,0.0
2026-01-03,Mobile,Referral,Credit Card,3,3,1,235.0,33.33
2026-01-03,Mobile,Referral,Fixed Deposit,1,1,1,549.0,100.0
2026-01-03,Mobile,Referral,Personal Loan,3,3,0,164.33333333333334,0.0
2026-01-03,Mobile,Referral,Savings Account,6,6,1,225.0,16.67
2026-01-03,Tablet,Direct,Credit Card,2,2,2,254.0,100.0
2026-01-03,Tablet,Direct,Fixed Deposit,1,1,0,146.0,0.0
2026-01-03,Tablet,Direct,Savings Account,1,1,1,270.0,100.0
2026-01-03,Tablet,Email,Savings Account,1,1,0,249.0,0.0
2026-01-03,Tablet,Organic,Credit Card,1,1,0,346.0,0.0
2026-01-03,Tablet,Organic,Fixed Deposit,2,2,1,298.0,50.0
2026-01-03,Tablet,Organic,Personal Loan,2,2,1,286.5,50.0
2026-01-03,Tablet,Organic,Savings Account,1,1,0,225.0,0.0
2026-01-03,Tablet,Paid Search,Credit Card,1,1,0,160.0,0.0
2026-01-03,Tablet,Referral,Credit Card,2,2,1,347.0,50.0
2026-01-03,Tablet,Referral,Personal Loan,1,1,0,100.0,0.0
2026-01-04,Desktop,Direct,Credit Card,4,4,2,283.5,50.0
2026-01-04,Desktop,Direct,Fixed Deposit,4,4,2,179.5,50.0
2026-01-04,Desktop,Direct,Personal Loan,2,2,2,382.5,100.0
2026-01-04,Desktop,Direct,Savings Account,10,10,2,215.3,20.0
2026-01-04,Desktop,Email,Credit Card,3,3,1,160.33333333333334,33.33
2026-01-04,Desktop,Email,Personal Loan,1,1,0,119.0,0.0
2026-01-04,Desktop,Email,Savings Account,4,4,0,192.75,0.0
2026-01-04,Desktop,Organic,Credit Card,10,10,3,240.2,30.0
2026-01-04,Desktop,Organic,Fixed Deposit,2,2,1,360.5,50.0
2026-01-04,Desktop,Organic,Personal Loan,6,6,0,221.16666666666666,0.0
2026-01-04,Desktop,Organic,Savings Account,6,6,4,403.0,66.67
2026-01-04,Desktop,Paid Search,Credit Card,6,6,0,187.5,0.0
2026-01-04,Desktop,Paid Search,Fixed Deposit,3,3,1,197.33333333333334,33.33
2026-01-04,Desktop,Paid Search,Personal Loan,7,7,3,289.57142857142856,42.86
2026-01-04,Desktop,Paid Search,Savings Account,5,5,2,277.4,40.0
2026-01-04,Desktop,Referral,Credit Card,1,1,0,248.0,0.0
2026-01-04,Desktop,Referral,Fixed Deposit,2,2,0,212.5,0.0
2026-01-04,Desktop,Referral,Personal Loan,2,2,1,242.0,50.0
2026-01-04,Desktop,Referral,Savings Account,5,5,3,268.2,60.0
2026-01-04,Mobile,Direct,Credit Card,17,17,2,200.35294117647058,11.76
2026-01-04,Mobile,Direct,Fixed Deposit,7,7,1,289.0,14.29
2026-01-04,Mobile,Direct,Personal Loan,17,17,6,259.7647058823529,35.29
2026-01-04,Mobile,Direct,Savings Account,12,12,5,234.83333333333334,41.67
2026-01-04,Mobile,Email,Credit Card,9,9,3,265.22222222222223,33.33
2026-01-04,Mobile,Email,Fixed Deposit,4,4,1,252.75,25.0
2026-01-04,Mobile,Email,Personal Loan,9,9,2,175.55555555555554,22.22
2026-01-04,Mobile,Email,Savings Account,5,5,1,245.6,20.0
2026-01-04,Mobile,Organic,Credit Card,17,17,3,210.1764705882353,17.65
2026-01-04,Mobile,Organic,Fixed Deposit,4,4,0,251.75,0.0
2026-01-04,Mobile,Organic,Personal Loan,23,23,4,197.17391304347825,17.39
2026-01-04,Mobile,Organic,Savings Account,13,13,4,182.76923076923077,30.77
2026-01-04,Mobile,Paid Search,Credit Card,12,12,5,272.25,41.67
2026-01-04,Mobile,Paid Search,Fixed Deposit,13,13,6,264.2307692307692,46.15
2026-01-04,Mobile,Paid Search,Personal Loan,9,9,5,328.1111111111111,55.56
2026-01-04,Mobile,Paid Search,Savings Account,20,20,7,276.9,35.0
2026-01-04,Mobile,Referral,Credit Card,3,3,1,188.66666666666666,33.33
2026-01-04,Mobile,Referral,Fixed Deposit,1,1,0,133.0,0.0
2026-01-04,Mobile,Referral,Personal Loan,4,4,0,143.75,0.0
2026-01-04,Mobile,Referral,Savings Account,5,5,4,370.4,80.0
2026-01-04,Tablet,Direct,Credit Card,1,1,0,208.0,0.0
2026-01-04,Tablet,Direct,Fixed Deposit,1,1,0,159.0,0.0
2026-01-04,Tablet,Direct,Personal Loan,1,1,0,96.0,0.0
2026-01-04,Tablet,Direct,Savings Account,4,4,0,274.75,0.0
2026-01-04,Tablet,Email,Credit Card,1,1,0,172.0,0.0
2026-01-04,Tablet,Email,Personal Loan,1,1,0,295.0,0.0
2026-01-04,Tablet,Organic,Personal Loan,2,2,1,229.0,50.0
2026-01-04,Tablet,Paid Search,Credit Card,2,2,0,173.5,0.0
2026-01-04,Tablet,Paid Search,Personal Loan,2,2,1,259.5,50.0
2026-01-04,Tablet,Paid Search,Savings Account,1,1,1,259.0,100.0
2026-01-04,Tablet,Referral,Fixed Deposit,2,2,0,113.5,0.0
2026-01-04,Tablet,Referral,Savings Account,1,1,0,265.0,0.0
2026-01-05,Desktop,Direct,Credit Card,6,6,2,288.0,33.33
2026-01-05,Desktop,Direct,Fixed Deposit,5,5,1,240.4,20.0
2026-01-05,Desktop,Direct,Personal Loan,4,4,1,141.25,25.0
2026-01-05,Desktop,Direct,Savings Account,5,5,2,271.2,40.0
2026-01-05,Desktop,Email,Credit Card,2,2,1,351.0,50.0
2026-01-05,Desktop,Email,Fixed Deposit,2,2,1,287.0,50.0
2026-01-05,Desktop,Email,Personal Loan,4,4,2,315.25,50.0
2026-01-05,Desktop,Email,Savings Account,4,4,2,215.5,50.0
2026-01-05,Desktop,Organic,Credit Card,11,11,4,289.90909090909093,36.36
2026-01-05,Desktop,Organic,Fixed Deposit,3,3,0,367.3333333333333,0.0
2026-01-05,Desktop,Organic,Personal Loan,6,6,1,248.5,16.67
2026-01-05,Desktop,Organic,Savings Account,5,5,2,219.6,40.0
2026-01-05,Desktop,Paid Search,Credit Card,6,6,0,223.16666666666666,0.0
2026-01-05,Desktop,Paid Search,Fixed Deposit,6,6,1,147.83333333333334,16.67
2026-01-05,Desktop,Paid Search,Personal Loan,1,1,0,85.0,0.0
2026-01-05,Desktop,Paid Search,Savings Account,4,4,1,146.75,25.0
2026-01-05,Desktop,Referral,Credit Card,1,1,0,39.0,0.0
2026-01-05,Desktop,Referral,Fixed Deposit,1,1,0,123.0,0.0
2026-01-05,Desktop,Referral,Personal Loan,4,4,2,316.0,50.0
2026-01-05,Desktop,Referral,Savings Account,4,4,1,235.0,25.0
2026-01-05,Mobile,Direct,Credit Card,13,13,4,237.23076923076923,30.77
2026-01-05,Mobile,Direct,Fixed Deposit,5,5,2,294.0,40.0
2026-01-05,Mobile,Direct,Personal Loan,9,9,2,285.44444444444446,22.22
2026-01-05,Mobile,Direct,Savings Account,16,16,6,308.375,37.5
2026-01-05,Mobile,Email,Credit Card,7,7,2,160.14285714285714,28.57
2026-01-05,Mobile,Email,Fixed Deposit,4,4,2,292.0,50.0
2026-01-05,Mobile,Email,Personal Loan,4,4,1,256.0,25.0
2026-01-05,Mobile,Email,Savings Account,10,10,4,237.1,40.0
2026-01-05,Mobile,Organic,Credit Card,19,19,6,246.31578947368422,31.58
2026-01-05,Mobile,Organic,Fixed Deposit,12,12,1,255.91666666666666,8.33
2026-01-05,Mobile,Organic,Personal Loan,14,14,2,200.71428571428572,14.29
2026-01-05,Mobile,Organic,Savings Account,18,18,4,211.5,22.22
2026-01-05,Mobile,Paid Search,Credit Card,21,21,3,262.4761904761905,14.29
2026-01-05,Mobile,Paid Search,Fixed Deposit,9,9,1,243.11111111111111,11.11
2026-01-05,Mobile,Paid Search,Personal Loan,17,17,6,235.0,35.29
2026-01-05,Mobile,Paid Search,Savings Account,13,13,3,200.53846153846155,23.08
2026-01-05,Mobile,Referral,Credit Card,9,9,1,295.6666666666667,11.11
2026-01-05,Mobile,Referral,Fixed Deposit,2,2,1,177.0,50.0
2026-01-05,Mobile,Referral,Personal Loan,4,4,0,129.25,0.0
2026-01-05,Mobile,Referral,Savings Account,5,5,1,171.2,20.0
2026-01-05,Tablet,Direct,Credit Card,1,1,0,380.0,0.0
2026-01-05,Tablet,Direct,Fixed Deposit,1,1,0,47.0,0.0
2026-01-05,Tablet,Direct,Personal Loan,2,2,0,267.5,0.0
2026-01-05,Tablet,Direct,Savings Account,3,3,1,269.3333333333333,33.33
2026-01-05,Tablet,Email,Savings Account,1,1,0,122.0,0.0
2026-01-05,Tablet,Organic,Credit Card,3,3,0,144.0,0.0
2026-01-05,Tablet,Organic,Fixed Deposit,2,2,0,140.5,0.0
2026-01-05,Tablet,Organic,Personal Loan,4,4,0,182.5,0.0
2026-01-05,Tablet,Paid Search,Credit Card,1,1,0,180.0,0.0
2026-01-05,Tablet,Paid Search,Fixed Deposit,1,1,0,91.0,0.0
2026-01-05,Tablet,Paid Search,Personal Loan,1,1,1,315.0,100.0
2026-01-05,Tablet,Paid Search,Savings Account,2,2,0,72.0,0.0
2026-01-05,Tablet,Referral,Credit Card,1,1,0,191.0,0.0
2026-01-05,Tablet,Referral,Fixed Deposit,1,1,0,80.0,0.0
2026-01-06,Desktop,Direct,Credit Card,10,10,3,204.3,30.0
2026-01-06,Desktop,Direct,Fixed Deposit,5,5,3,343.2,60.0
2026-01-06,Desktop,Direct,Personal Loan,6,6,2,252.16666666666666,33.33
2026-01-06,Desktop,Direct,Savings Account,6,6,0,298.3333333333333,0.0
2026-01-06,Desktop,Email,Credit Card,3,3,1,216.33333333333334,33.33
2026-01-06,Desktop,Email,Personal Loan,5,5,1,256.0,20.0
2026-01-06,Desktop,Email,Savings Account,5,5,3,268.0,60.0
2026-01-06,Desktop,Organic,Credit Card,8,8,3,272.0,37.5
2026-01-06,Desktop,Organic,Fixed Deposit,5,5,1,234.0,20.0
2026-01-06,Desktop,Organic,Personal Loan,6,6,2,245.5,33.33
2026-01-06,Desktop,Organic,Savings Account,12,12,3,233.66666666666666,25.0
2026-01-06,Desktop,Paid Search,Credit Card,7,7,2,205.0,28.57
2026-01-06,Desktop,Paid Search,Fixed Deposit,3,3,2,260.6666666666667,66.67
2026-01-06,Desktop,Paid Search,Personal Loan,3,3,3,386.0,100.0
2026-01-06,Desktop,Paid Search,Savings Account,9,9,3,230.11111111111111,33.33
2026-01-06,Desktop,Referral,Credit Card,2,2,1,447.0,50.0
2026-01-06,Desktop,Referral,Fixed Deposit,1,1,1,482.0,100.0
2026-01-06,Desktop,Referral,Personal Loan,1,1,0,259.0,0.0
2026-01-06,Desktop,Referral,Savings Account,4,4,0,166.0,0.0
2026-01-06,Mobile,Direct,Credit Card,15,15,6,238.2,40.0
2026-01-06,Mobile,Direct,Fixed Deposit,6,6,0,178.5,0.0
2026-01-06,Mobile,Direct,Personal Loan,14,14,2,194.28571428571428,14.29
2026-01-06,Mobile,Direct,Savings Account,19,19,6,289.4736842105263,31.58
2026-01-06,Mobile,Email,Credit Card,8,8,2,279.5,25.0
2026-01-06,Mobile,Email,Fixed Deposit,3,3,0,212.33333333333334,0.0
2026-01-06,Mobile,Email,Personal Loan,5,5,0,201.0,0.0
2026-01-06,Mobile,Email,Savings Account,11,11,4,279.0,36.36
2026-01-06,Mobile,Organic,Credit Card,19,19,6,242.0,31.58
2026-01-06,Mobile,Organic,Fixed Deposit,12,12,2,193.83333333333334,16.67
2026-01-06,Mobile,Organic,Personal Loan,16,16,1,182.875,6.25
2026-01-06,Mobile,Organic,Savings Account,17,17,7,310.8235294117647,41.18
2026-01-06,Mobile,Paid Search,Credit Card,15,15,5,230.66666666666666,33.33
2026-01-06,Mobile,Paid Search,Fixed Deposit,7,7,2,248.71428571428572,28.57
2026-01-06,Mobile,Paid Search,Personal Loan,4,4,0,106.75,0.0
2026-01-06,Mobile,Paid Search,Savings Account,17,17,5,250.8235294117647,29.41
2026-01-06,Mobile,Referral,Credit Card,5,5,1,248.0,20.0
2026-01-06,Mobile,Referral,Fixed Deposit,3,3,0,224.0,0.0
2026-01-06,Mobile,Referral,Personal Loan,3,3,0,144.0,0.0
2026-01-06,Mobile,Referral,Savings Account,4,4,0,167.0,0.0
2026-01-06,Tablet,Direct,Credit Card,3,3,1,211.0,33.33
2026-01-06,Tablet,Direct,Fixed Deposit,1,1,0,75.0,0.0
2026-01-06,Tablet,Direct,Personal Loan,1,1,0,106.0,0.0
2026-01-06,Tablet,Email,Fixed Deposit,1,1,1,296.0,100.0
2026-01-06,Tablet,Email,Savings Account,2,2,0,207.5,0.0
2026-01-06,Tablet,Organic,Credit Card,2,2,0,316.5,0.0
2026-01-06,Tablet,Organic,Fixed Deposit,1,1,0,210.0,0.0
2026-01-06,Tablet,Organic,Personal Loan,2,2,0,137.5,0.0
2026-01-06,Tablet,Organic,Savings Account,3,3,2,249.66666666666666,66.67
2026-01-06,Tablet,Paid Search,Fixed Deposit,1,1,0,167.0,0.0
2026-01-06,Tablet,Referral,Personal Loan,1,1,0,258.0,0.0
2026-01-07,Desktop,Direct,Credit Card,8,8,4,261.125,50.0
2026-01-07,Desktop,Direct,Fixed Deposit,8,8,4,208.875,50.0
2026-01-07,Desktop,Direct,Personal Loan,7,7,2,289.42857142857144,28.57
2026-01-07,Desktop,Direct,Savings Account,14,14,4,221.85714285714286,28.57
2026-01-07,Desktop,Email,Credit Card,7,7,0,152.0,0.0
2026-01-07,Desktop,Email,Fixed Deposit,2,2,2,412.5,100.0
2026-01-07,Desktop,Email,Personal Loan,2,2,2,473.0,100.0
2026-01-07,Desktop,Email,Savings Account,5,5,2,271.8,40.0
2026-01-07,Desktop,Organic,Credit Card,8,8,4,259.875,50.0
2026-01-07,Desktop,Organic,Fixed Deposit,4,4,1,266.25,25.0
2026-01-07,Desktop,Organic,Personal Loan,12,12,4,266.8333333333333,33.33
2026-01-07,Desktop,Organic,Savings Account,14,14,3,209.92857142857142,21.43
2026-01-07,Desktop,Paid Search,Credit Card,9,9,2,205.0,22.22
2026-01-07,Desktop,Paid Search,Fixed Deposit,3,3,0,101.33333333333333,0.0
2026-01-07,Desktop,Paid Search,Personal Loan,5,5,0,219.2,0.0
2026-01-07,Desktop,Paid Search,Savings Account,8,8,2,189.75,25.0
2026-01-07,Desktop,Referral,Credit Card,1,1,0,216.0,0.0
2026-01-07,Desktop,Referral,Fixed Deposit,1,1,0,295.0,0.0
2026-01-07,Desktop,Referral,Personal Loan,2,2,1,292.5,50.0
2026-01-07,Desktop,Referral,Savings Account,5,5,1,254.0,20.0
2026-01-07,Mobile,Direct,Credit Card,14,14,5,274.57142857142856,35.71
2026-01-07,Mobile,Direct,Fixed Deposit,7,7,2,218.14285714285714,28.57
2026-01-07,Mobile,Direct,Personal Loan,19,19,3,195.31578947368422,15.79
2026-01-07,Mobile,Direct,Savings Account,24,24,7,245.58333333333334,29.17
2026-01-07,Mobile,Email,Credit Card,15,15,4,227.2,26.67
2026-01-07,Mobile,Email,Fixed Deposit,3,3,2,266.3333333333333,66.67
2026-01-07,Mobile,Email,Personal Loan,5,5,0,148.2,0.0
2026-01-07,Mobile,Email,Savings Account,8,8,3,241.625,37.5
2026-01-07,Mobile,Organic,Credit Card,24,24,6,260.625,25.0
2026-01-07,Mobile,Organic,Fixed Deposit,16,16,5,266.3125,31.25
2026-01-07,Mobile,Organic,Personal Loan,16,16,6,248.4375,37.5
2026-01-07,Mobile,Organic,Savings Account,31,31,10,258.7741935483871,32.26
2026-01-07,Mobile,Paid Search,Credit Card,10,10,0,178.7,0.0
2026-01-07,Mobile,Paid Search,Fixed Deposit,5,5,0,173.8,0.0
2026-01-07,Mobile,Paid Search,Personal Loan,9,9,0,145.55555555555554,0.0
2026-01-07,Mobile,Paid Search,Savings Account,20,20,4,239.1,20.0
2026-01-07,Mobile,Referral,Credit Card,5,5,2,242.6,40.0
2026-01-07,Mobile,Referral,Fixed Deposit,2,2,2,373.5,100.0
2026-01-07,Mobile,Referral,Personal Loan,5,5,2,243.2,40.0
2026-01-07,Mobile,Referral,Savings Account,6,6,1,256.8333333333333,16.67
2026-01-07,Tablet,Direct,Credit Card,2,2,1,350.0,50.0
2026-01-07,Tablet,Direct,Fixed Deposit,1,1,0,67.0,0.0
2026-01-07,Tablet,Direct,Personal Loan,2,2,0,229.0,0.0
2026-01-07,Tablet,Direct,Savings Account,2,2,0,105.5,0.0
2026-01-07,Tablet,Email,Credit Card,1,1,0,77.0,0.0
2026-01-07,Tablet,Email,Fixed Deposit,1,1,1,327.0,100.0
2026-01-07,Tablet,Email,Savings Account,1,1,0,126.0,0.0
2026-01-07,Tablet,Organic,Fixed Deposit,1,1,0,109.0,0.0
2026-01-07,Tablet,Organic,Personal Loan,1,1,0,322.0,0.0
2026-01-07,Tablet,Organic,Savings Account,1,1,0,355.0,0.0
2026-01-07,Tablet,Paid Search,Credit Card,3,3,1,282.6666666666667,33.33
2026-01-07,Tablet,Paid Search,Personal Loan,1,1,0,277.0,0.0
2026-01-07,Tablet,Paid Search,Savings Account,2,2,0,206.0,0.0
2026-01-07,Tablet,Referral,Fixed Deposit,1,1,0,95.0,0.0
2026-01-07,Tablet,Referral,Savings Account,2,2,0,100.0,0.0
2026-01-08,Desktop,Direct,Credit Card,9,9,2,234.22222222222223,22.22
2026-01-08,Desktop,Direct,Fixed Deposit,2,2,1,233.5,50.0
2026-01-08,Desktop,Direct,Personal Loan,6,6,1,254.16666666666666,16.67
2026-01-08,Desktop,Direct,Savings Account,8,8,2,187.875,25.0
2026-01-08,Desktop,Email,Credit Card,1,1,0,172.0,0.0
2026-01-08,Desktop,Email,Fixed Deposit,1,1,1,525.0,100.0
2026-01-08,Desktop,Email,Savings Account,7,7,3,272.7142857142857,42.86
2026-01-08,Desktop,Organic,Credit Card,16,16,7,291.1875,43.75
2026-01-08,Desktop,Organic,Fixed Deposit,8,8,3,293.125,37.5
2026-01-08,Desktop,Organic,Personal Loan,6,6,2,296.8333333333333,33.33
2026-01-08,Desktop,Organic,Savings Account,6,6,2,187.83333333333334,33.33
2026-01-08,Desktop,Paid Search,Credit Card,7,7,3,301.2857142857143,42.86
2026-01-08,Desktop,Paid Search,Fixed Deposit,2,2,0,206.0,0.0
2026-01-08,Desktop,Paid Search,Personal Loan,7,7,0,165.14285714285714,0.0
2026-01-08,Desktop,Paid Search,Savings Account,7,7,2,276.7142857142857,28.57
2026-01-08,Desktop,Referral,Credit Card,4,4,2,234.25,50.0
2026-01-08,Desktop,Referral,Fixed Deposit,1,1,1,388.0,100.0
2026-01-08,Desktop,Referral,Personal Loan,1,1,0,128.0,0.0
2026-01-08,Desktop,Referral,Savings Account,2,2,0,189.0,0.0
2026-01-08,Mobile,Direct,Credit Card,19,19,3,196.26315789473685,15.79
2026-01-08,Mobile,Direct,Fixed Deposit,9,9,2,184.0,22.22
2026-01-08,Mobile,Direct,Personal Loan,15,15,1,173.33333333333334,6.67
2026-01-08,Mobile,Direct,Savings Account,19,19,3,236.31578947368422,15.79
2026-01-08,Mobile,Email,Credit Card,8,8,2,261.625,25.0
2026-01-08,Mobile,Email,Fixed Deposit,4,4,0,276.0,0.0
2026-01-08,Mobile,Email,Personal Loan,6,6,1,160.83333333333334,16.67
2026-01-08,Mobile,Email,Savings Account,10,10,2,250.7,20.0
2026-01-08,Mobile,Organic,Credit Card,20,20,4,253.25,20.0
2026-01-08,Mobile,Organic,Fixed Deposit,13,13,4,274.38461538461536,30.77
2026-01-08,Mobile,Organic,Personal Loan,14,14,2,229.07142857142858,14.29
2026-01-08,Mobile,Organic,Savings Account,25,25,4,203.96,16.0
2026-01-08,Mobile,Paid Search,Credit Card,14,14,4,222.28571428571428,28.57
2026-01-08,Mobile,Paid Search,Fixed Deposit,3,3,0,220.0,0.0
2026-01-08,Mobile,Paid Search,Personal Loan,11,11,0,225.27272727272728,0.0
2026-01-08,Mobile,Paid Search,Savings Account,9,9,2,208.77777777777777,22.22
2026-01-08,Mobile,Referral,Credit Card,5,5,3,321.0,60.0
2026-01-08,Mobile,Referral,Fixed Deposit,1,1,0,138.0,0.0
2026-01-08,Mobile,Referral,Personal Loan,5,5,0,202.0,0.0
2026-01-08,Tablet,Direct,Credit Card,4,4,1,229.25,25.0
2026-01-08,Tablet,Direct,Fixed Deposit,2,2,0,126.0,0.0
2026-01-08,Tablet,Direct,Savings Account,1,1,1,347.0,100.0
2026-01-08,Tablet,Email,Credit Card,1,1,0,250.0,0.0
2026-01-08,Tablet,Email,Fixed Deposit,1,1,0,258.0,0.0
2026-01-08,Tablet,Organic,Credit Card,7,7,1,178.28571428571428,14.29
2026-01-08,Tablet,Organic,Fixed Deposit,1,1,0,113.0,0.0
2026-01-08,Tablet,Organic,Personal Loan,1,1,1,322.0,100.0
2026-01-08,Tablet,Organic,Savings Account,1,1,0,264.0,0.0
2026-01-08,Tablet,Paid Search,Credit Card,1,1,0,330.0,0.0
2026-01-08,Tablet,Paid Search,Fixed Deposit,3,3,0,127.33333333333333,0.0
2026-01-08,Tablet,Paid Search,Personal Loan,1,1,1,329.0,100.0
2026-01-09,Desktop,Direct,Credit Card,5,5,1,248.4,20.0
2026-01-09,Desktop,Direct,Fixed Deposit,6,6,3,228.33333333333334,50.0
2026-01-09,Desktop,Direct,Personal Loan,3,3,1,287.3333333333333,33.33
2026-01-09,Desktop,Direct,Savings Account,7,7,2,218.42857142857142,28.57
2026-01-09,Desktop,Email,Credit Card,4,4,1,184.5,25.0
2026-01-09,Desktop,Email,Personal Loan,7,7,2,259.7142857142857,28.57
2026-01-09,Desktop,Email,Savings Account,1,1,0,62.0,0.0
2026-01-09,Desktop,Organic,Credit Card,11,11,3,224.45454545454547,27.27
2026-01-09,Desktop,Organic,Fixed Deposit,5,5,0,205.4,0.0
2026-01-09,Desktop,Organic,Personal Loan,4,4,2,327.25,50.0
2026-01-09,Desktop,Organic,Savings Account,7,7,1,204.28571428571428,14.29
2026-01-09,Desktop,Paid Search,Credit Card,10,10,0,204.3,0.0
2026-01-09,Desktop,Paid Search,Fixed Deposit,1,1,0,323.0,0.0
2026-01-09,Desktop,Paid Search,Personal Loan,3,3,0,203.0,0.0
2026-01-09,Desktop,Paid Search,Savings Account,5,5,2,273.0,40.0
2026-01-09,Desktop,Referral,Credit Card,3,3,1,266.6666666666667,33.33
2026-01-09,Desktop,Referral,Fixed Deposit,1,1,0,128.0,0.0
2026-01-09,Desktop,Referral,Personal Loan,1,1,0,182.0,0.0
2026-01-09,Desktop,Referral,Savings Account,5,5,0,175.8,0.0
2026-01-09,Mobile,Direct,Credit Card,14,14,2,234.28571428571428,14.29
2026-01-09,Mobile,Direct,Fixed Deposit,6,6,2,287.0,33.33
2026-01-09,Mobile,Direct,Personal Loan,18,18,7,259.55555555555554,38.89
2026-01-09,Mobile,Direct,Savings Account,19,19,5,189.68421052631578,26.32
2026-01-09,Mobile,Email,Credit Card,4,4,1,239.75,25.0
2026-01-09,Mobile,Email,Fixed Deposit,5,5,1,299.4,20.0
2026-01-09,Mobile,Email,Personal Loan,8,8,1,288.75,12.5
2026-01-09,Mobile,Email,Savings Account,8,8,2,210.875,25.0
2026-01-09,Mobile,Organic,Credit Card,25,25,6,217.8,24.0
2026-01-09,Mobile,Organic,Fixed Deposit,13,13,0,194.84615384615384,0.0
2026-01-09,Mobile,Organic,Personal Loan,13,13,2,189.53846153846155,15.38
2026-01-09,Mobile,Organic,Savings Account,27,27,10,241.96296296296296,37.04
2026-01-09,Mobile,Paid Search,Credit Card,21,21,5,226.47619047619048,23.81
2026-01-09,Mobile,Paid Search,Fixed Deposit,9,9,3,287.55555555555554,33.33
2026-01-09,Mobile,Paid Search,Personal Loan,12,12,2,174.58333333333334,16.67
2026-01-09,Mobile,Paid Search,Savings Account,16,16,4,237.0625,25.0
2026-01-09,Mobile,Referral,Credit Card,7,7,2,213.0,28.57
2026-01-09,Mobile,Referral,Fixed Deposit,2,2,0,117.5,0.0
2026-01-09,Mobile,Referral,Personal Loan,10,10,3,235.0,30.0
2026-01-09,Mobile,Referral,Savings Account,5,5,0,145.8,0.0
2026-01-09,Tablet,Direct,Credit Card,2,2,1,289.5,50.0
2026-01-09,Tablet,Direct,Savings Account,1,1,0,298.0,0.0
2026-01-09,Tablet,Email,Credit Card,1,1,1,256.0,100.0
2026-01-09,Tablet,Email,Fixed Deposit,1,1,0,179.0,0.0
2026-01-09,Tablet,Email,Personal Loan,1,1,1,229.0,100.0
2026-01-09,Tablet,Email,Savings Account,1,1,0,389.0,0.0
2026-01-09,Tablet,Organic,Credit Card,4,4,0,208.25,0.0
2026-01-09,Tablet,Organic,Fixed Deposit,1,1,0,161.0,0.0
2026-01-09,Tablet,Organic,Personal Loan,4,4,0,91.25,0.0
2026-01-09,Tablet,Organic,Savings Account,2,2,0,114.5,0.0
2026-01-09,Tablet,Paid Search,Credit Card,1,1,0,148.0,0.0
2026-01-09,Tablet,Paid Search,Savings Account,1,1,0,174.0,0.0
2026-01-09,Tablet,Referral,Fixed Deposit,1,1,0,225.0,0.0
2026-01-10,Desktop,Direct,Credit Card,5,5,1,225.8,20.0
2026-01-10,Desktop,Direct,Fixed Deposit,6,6,2,218.83333333333334,33.33
2026-01-10,Desktop,Direct,Personal Loan,6,6,1,206.0,16.67
2026-01-10,Desktop,Direct,Savings Account,3,3,3,321.3333333333333,100.0
2026-01-10,Desktop,Email,Credit Card,8,8,2,264.75,25.0
2026-01-10,Desktop,Email,Fixed Deposit,2,2,0,312.5,0.0
2026-01-10,Desktop,Email,Personal Loan,1,1,0,166.0,0.0
2026-01-10,Desktop,Organic,Credit Card,4,4,1,253.75,25.0
2026-01-10,Desktop,Organic,Fixed Deposit,4,4,0,167.0,0.0
2026-01-10,Desktop,Organic,Personal Loan,8,8,2,219.875,25.0
2026-01-10,Desktop,Organic,Savings Account,9,9,1,229.33333333333334,11.11
2026-01-10,Desktop,Paid Search,Credit Card,6,6,2,256.3333333333333,33.33
2026-01-10,Desktop,Paid Search,Fixed Deposit,3,3,1,178.0,33.33
2026-01-10,Desktop,Paid Search,Personal Loan,5,5,2,213.2,40.0
2026-01-10,Desktop,Paid Search,Savings Account,6,6,4,343.3333333333333,66.67
2026-01-10,Desktop,Referral,Credit Card,3,3,2,483.0,66.67
2026-01-10,Desktop,Referral,Personal Loan,3,3,3,277.6666666666667,100.0
2026-01-10,Desktop,Referral,Savings Account,2,2,1,268.0,50.0
2026-01-10,Mobile,Direct,Credit Card,13,13,3,227.30769230769232,23.08
2026-01-10,Mobile,Direct,Fixed Deposit,7,7,2,206.42857142857142,28.57
2026-01-10,Mobile,Direct,Personal Loan,13,13,2,251.15384615384616,15.38
2026-01-10,Mobile,Direct,Savings Account,16,16,5,273.75,31.25
2026-01-10,Mobile,Email,Credit Card,8,8,0,212.875,0.0
2026-01-10,Mobile,Email,Personal Loan,7,7,1,215.14285714285714,14.29
2026-01-10,Mobile,Email,Savings Account,9,9,2,256.77777777777777,22.22
2026-01-10,Mobile,Organic,Credit Card,26,26,4,180.92307692307693,15.38
2026-01-10,Mobile,Organic,Fixed Deposit,9,9,2,189.66666666666666,22.22
2026-01-10,Mobile,Organic,Personal Loan,11,11,1,232.1818181818182,9.09
2026-01-10,Mobile,Organic,Savings Account,22,22,4,195.27272727272728,18.18
2026-01-10,Mobile,Paid Search,Credit Card,17,17,4,259.6470588235294,23.53
2026-01-10,Mobile,Paid Search,Fixed Deposit,10,10,4,269.0,40.0
2026-01-10,Mobile,Paid Search,Personal Loan,16,16,2,203.5,12.5
2026-01-10,Mobile,Paid Search,Savings Account,13,13,3,208.76923076923077,23.08
2026-01-10,Mobile,Referral,Credit Card,4,4,1,246.0,25.0
2026-01-10,Mobile,Referral,Fixed Deposit,3,3,1,231.66666666666666,33.33
2026-01-10,Mobile,Referral,Personal Loan,2,2,0,210.5,0.0
2026-01-10,Mobile,Referral,Savings Account,7,7,0,174.42857142857142,0.0
2026-01-10,Tablet,Direct,Credit Card,3,3,1,206.66666666666666,33.33
2026-01-10,Tablet,Direct,Fixed Deposit,2,2,0,180.5,0.0
2026-01-10,Tablet,Direct,Personal Loan,1,1,0,143.0,0.0
2026-01-10,Tablet,Direct,Savings Account,3,3,0,206.0,0.0
2026-01-10,Tablet,Email,Credit Card,1,1,1,363.0,100.0
2026-01-10,Tablet,Email,Savings Account,2,2,1,216.5,50.0
2026-01-10,Tablet,Organic,Credit Card,2,2,0,81.5,0.0
2026-01-10,Tablet,Organic,Fixed Deposit,1,1,0,149.0,0.0
2026-01-10,Tablet,Organic,Savings Account,2,2,1,337.5,50.0
2026-01-10,Tablet,Paid Search,Credit Card,1,1,0,154.0,0.0
2026-01-10,Tablet,Paid Search,Fixed Deposit,1,1,0,84.0,0.0
2026-01-10,Tablet,Paid Search,Savings Account,1,1,0,150.0,0.0
2026-01-11,Desktop,Direct,Credit Card,5,5,0,76.8,0.0
2026-01-11,Desktop,Direct,Fixed Deposit,2,2,1,201.5,50.0
2026-01-11,Desktop,Direct,Personal Loan,8,8,3,196.75,37.5
2026-01-11,Desktop,Direct,Savings Account,9,9,2,231.55555555555554,22.22
2026-01-11,Desktop,Email,Credit Card,2,2,1,359.0,50.0
2026-01-11,Desktop,Email,Fixed Deposit,2,2,0,127.0,0.0
2026-01-11,Desktop,Email,Personal Loan,4,4,2,335.5,50.0
2026-01-11,Desktop,Email,Savings Account,4,4,1,249.5,25.0
2026-01-11,Desktop,Organic,Credit Card,13,13,4,219.30769230769232,30.77
2026-01-11,Desktop,Organic,Fixed Deposit,2,2,1,291.5,50.0
2026-01-11,Desktop,Organic,Personal Loan,2,2,1,209.0,50.0
2026-01-11,Desktop,Organic,Savings Account,11,11,1,231.45454545454547,9.09
2026-01-11,Desktop,Paid Search,Credit Card,13,13,2,250.6153846153846,15.38
2026-01-11,Desktop,Paid Search,Fixed Deposit,3,3,0,96.0,0.0
2026-01-11,Desktop,Paid Search,Personal Loan,5,5,2,330.8,40.0
2026-01-11,Desktop,Paid Search,Savings Account,5,5,2,265.2,40.0
2026-01-11,Desktop,Referral,Credit Card,2,2,2,376.0,100.0
2026-01-11,Desktop,Referral,Fixed Deposit,1,1,0,166.0,0.0
2026-01-11,Desktop,Referral,Personal Loan,1,1,0,204.0,0.0
2026-01-11,Desktop,Referral,Savings Account,2,2,0,203.5,0.0
2026-01-11,Mobile,Direct,Credit Card,23,23,6,231.69565217391303,26.09
2026-01-11,Mobile,Direct,Fixed Deposit,6,6,1,163.66666666666666,16.67
2026-01-11,Mobile,Direct,Personal Loan,15,15,3,228.66666666666666,20.0
2026-01-11,Mobile,Direct,Savings Account,18,18,6,276.6111111111111,33.33
2026-01-11,Mobile,Email,Credit Card,6,6,2,211.5,33.33
2026-01-11,Mobile,Email,Fixed Deposit,6,6,0,173.33333333333334,0.0
2026-01-11,Mobile,Email,Personal Loan,11,11,1,201.8181818181818,9.09
2026-01-11,Mobile,Email,Savings Account,9,9,3,222.77777777777777,33.33
2026-01-11,Mobile,Organic,Credit Card,35,35,8,225.9142857142857,22.86
2026-01-11,Mobile,Organic,Fixed Deposit,10,10,2,172.1,20.0
2026-01-11,Mobile,Organic,Personal Loan,11,11,1,236.63636363636363,9.09
2026-01-11,Mobile,Organic,Savings Account,27,27,8,244.96296296296296,29.63
2026-01-11,Mobile,Paid Search,Credit Card,10,10,1,197.3,10.0
2026-01-11,Mobile,Paid Search,Fixed Deposit,5,5,0,227.8,0.0
2026-01-11,Mobile,Paid Search,Personal Loan,18,18,2,202.38888888888889,11.11
2026-01-11,Mobile,Paid Search,Savings Account,16,16,1,232.75,6.25
2026-01-11,Mobile,Referral,Credit Card,3,3,0,244.33333333333334,0.0
2026-01-11,Mobile,Referral,Fixed Deposit,1,1,0,111.0,0.0
2026-01-11,Mobile,Referral,Personal Loan,6,6,2,251.33333333333334,33.33
2026-01-11,Mobile,Referral,Savings Account,4,4,1,321.75,25.0
2026-01-11,Tablet,Direct,Credit Card,3,3,1,237.66666666666666,33.33
2026-01-11,Tablet,Direct,Fixed Deposit,2,2,1,233.0,50.0
2026-01-11,Tablet,Direct,Personal Loan,1,1,0,182.0,0.0
2026-01-11,Tablet,Direct,Savings Account,2,2,1,300.0,50.0
2026-01-11,Tablet,Email,Credit Card,1,1,0,320.0,0.0
2026-01-11,Tablet,Email,Fixed Deposit,1,1,1,242.0,100.0
2026-01-11,Tablet,Email,Personal Loan,1,1,0,328.0,0.0
2026-01-11,Tablet,Email,Savings Account,1,1,0,242.0,0.0
2026-01-11,Tablet,Organic,Credit Card,4,4,0,172.75,0.0
2026-01-11,Tablet,Organic,Fixed Deposit,2,2,0,181.5,0.0
2026-01-11,Tablet,Organic,Personal Loan,1,1,1,245.0,100.0
2026-01-11,Tablet,Organic,Savings Account,2,2,0,175.5,0.0
2026-01-11,Tablet,Paid Search,Credit Card,1,1,0,150.0,0.0
2026-01-11,Tablet,Paid Search,Savings Account,1,1,1,400.0,100.0
2026-01-12,Desktop,Direct,Credit Card,6,6,1,228.0,16.67
2026-01-12,Desktop,Direct,Fixed Deposit,3,3,0,279.0,0.0
2026-01-12,Desktop,Direct,Personal Loan,6,6,2,242.0,33.33
2026-01-12,Desktop,Direct,Savings Account,8,8,2,191.0,25.0
2026-01-12,Desktop,Email,Credit Card,4,4,0,138.75,0.0
2026-01-12,Desktop,Email,Fixed Deposit,2,2,0,220.0,0.0
2026-01-12,Desktop,Email,Personal Loan,3,3,2,359.6666666666667,66.67
2026-01-12,Desktop,Email,Savings Account,3,3,1,188.33333333333334,33.33
2026-01-12,Desktop,Organic,Credit Card,6,6,2,223.33333333333334,33.33
2026-01-12,Desktop,Organic,Fixed Deposit,5,5,2,219.6,40.0
2026-01-12,Desktop,Organic,Personal Loan,5,5,0,170.4,0.0
2026-01-12,Desktop,Organic,Savings Account,9,9,3,259.55555555555554,33.33
2026-01-12,Desktop,Paid Search,Credit Card,4,4,2,196.75,50.0
2026-01-12,Desktop,Paid Search,Fixed Deposit,2,2,0,147.5,0.0
2026-01-12,Desktop,Paid Search,Personal Loan,1,1,0,41.0,0.0
2026-01-12,Desktop,Paid Search,Savings Account,8,8,5,317.375,62.5
2026-01-12,Desktop,Referral,Credit Card,3,3,1,238.0,33.33
2026-01-12,Desktop,Referral,Fixed Deposit,1,1,0,155.0,0.0
2026-01-12,Desktop,Referral,Personal Loan,3,3,0,301.6666666666667,0.0
2026-01-12,Desktop,Referral,Savings Account,1,1,1,218.0,100.0
2026-01-12,Mobile,Direct,Credit Card,25,25,5,196.4,20.0
2026-01-12,Mobile,Direct,Fixed Deposit,6,6,0,181.0,0.0
2026-01-12,Mobile,Direct,Personal Loan,8,8,3,285.5,37.5
2026-01-12,Mobile,Direct,Savings Account,19,19,5,245.26315789473685,26.32
2026-01-12,Mobile,Email,Credit Card,11,11,1,206.1818181818182,9.09
2026-01-12,Mobile,Email,Fixed Deposit,4,4,0,171.75,0.0
2026-01-12,Mobile,Email,Personal Loan,9,9,2,244.77777777777777,22.22
2026-01-12,Mobile,Email,Savings Account,11,11,4,214.1818181818182,36.36
2026-01-12,Mobile,Organic,Credit Card,18,18,3,190.33333333333334,16.67
2026-01-12,Mobile,Organic,Fixed Deposit,17,17,1,192.76470588235293,5.88
2026-01-12,Mobile,Organic,Personal Loan,12,12,3,228.0,25.0
2026-01-12,Mobile,Organic,Savings Account,24,24,6,244.79166666666666,25.0
2026-01-12,Mobile,Paid Search,Credit Card,10,10,3,242.5,30.0
2026-01-12,Mobile,Paid Search,Fixed Deposit,8,8,2,266.125,25.0
2026-01-12,Mobile,Paid Search,Personal Loan,10,10,1,251.5,10.0
2026-01-12,Mobile,Paid Search,Savings Account,17,17,2,236.8235294117647,11.76
2026-01-12,Mobile,Referral,Credit Card,7,7,4,294.7142857142857,57.14
2026-01-12,Mobile,Referral,Fixed Deposit,2,2,0,229.5,0.0
2026-01-12,Mobile,Referral,Personal Loan,4,4,2,310.25,50.0
2026-01-12,Mobile,Referral,Savings Account,8,8,1,189.625,12.5
2026-01-12,Tablet,Direct,Credit Card,3,3,0,117.33333333333333,0.0
2026-01-12,Tablet,Direct,Fixed Deposit,1,1,0,83.0,0.0
2026-01-12,Tablet,Direct,Personal Loan,1,1,0,484.0,0.0
2026-01-12,Tablet,Email,Credit Card,2,2,0,121.5,0.0
2026-01-12,Tablet,Organic,Credit Card,2,2,0,213.5,0.0
2026-01-12,Tablet,Organic,Fixed Deposit,2,2,0,187.0,0.0
2026-01-12,Tablet,Organic,Personal Loan,2,2,0,167.0,0.0
2026-01-12,Tablet,Organic,Savings Account,1,1,1,275.0,100.0
2026-01-12,Tablet,Paid Search,Credit Card,1,1,0,220.0,0.0
2026-01-12,Tablet,Paid Search,Savings Account,1,1,0,196.0,0.0
2026-01-12,Tablet,Referral,Credit Card,1,1,0,238.0,0.0
2026-01-12,Tablet,Referral,Personal Loan,1,1,0,70.0,0.0
2026-01-12,Tablet,Referral,Savings Account,1,1,0,365.0,0.0
2026-01-13,Desktop,Direct,Credit Card,4,4,1,144.0,25.0
2026-01-13,Desktop,Direct,Fixed Deposit,8,8,3,163.75,37.5
2026-01-13,Desktop,Direct,Personal Loan,3,3,3,346.0,100.0
2026-01-13,Desktop,Direct,Savings Account,6,6,4,295.0,66.67
2026-01-13,Desktop,Email,Credit Card,4,4,2,307.75,50.0
2026-01-13,Desktop,Email,Fixed Deposit,2,2,2,414.5,100.0
2026-01-13,Desktop,Email,Personal Loan,7,7,2,181.71428571428572,28.57
2026-01-13,Desktop,Email,Savings Account,5,5,3,335.0,60.0
2026-01-13,Desktop,Organic,Credit Card,5,5,3,226.8,60.0
2026-01-13,Desktop,Organic,Fixed Deposit,4,4,1,240.75,25.0
2026-01-13,Desktop,Organic,Personal Loan,6,6,2,261.8333333333333,33.33
2026-01-13,Desktop,Organic,Savings Account,10,10,5,296.5,50.0
2026-01-13,Desktop,Paid Search,Credit Card,6,6,3,185.83333333333334,50.0
2026-01-13,Desktop,Paid Search,Fixed Deposit,6,6,5,437.6666666666667,83.33
2026-01-13,Desktop,Paid Search,Personal Loan,2,2,0,152.5,0.0
2026-01-13,Desktop,Paid Search,Savings Account,10,10,3,248.9,30.0
2026-01-13,Desktop,Referral,Credit Card,2,2,0,117.5,0.0
2026-01-13,Desktop,Referral,Personal Loan,2,2,1,269.0,50.0
2026-01-13,Mobile,Direct,Credit Card,11,11,1,254.0,9.09
2026-01-13,Mobile,Direct,Fixed Deposit,5,5,0,149.6,0.0
2026-01-13,Mobile,Direct,Personal Loan,13,13,1,209.76923076923077,7.69
2026-01-13,Mobile,Direct,Savings Account,19,19,8,253.3684210526316,42.11
2026-01-13,Mobile,Email,Credit Card,8,8,3,216.375,37.5
2026-01-13,Mobile,Email,Fixed Deposit,6,6,2,273.0,33.33
2026-01-13,Mobile,Email,Personal Loan,6,6,3,264.8333333333333,50.0
2026-01-13,Mobile,Email,Savings Account,8,8,3,232.75,37.5
2026-01-13,Mobile,Organic,Credit Card,14,14,2,219.5,14.29
2026-01-13,Mobile,Organic,Fixed Deposit,11,11,2,240.36363636363637,18.18
2026-01-13,Mobile,Organic,Personal Loan,14,14,0,218.78571428571428,0.0
2026-01-13,Mobile,Organic,Savings Account,17,17,6,263.1764705882353,35.29
2026-01-13,Mobile,Paid Search,Credit Card,13,13,3,199.0,23.08
2026-01-13,Mobile,Paid Search,Fixed Deposit,7,7,1,226.71428571428572,14.29
2026-01-13,Mobile,Paid Search,Personal Loan,13,13,1,169.53846153846155,7.69
2026-01-13,Mobile,Paid Search,Savings Account,14,14,3,274.7857142857143,21.43
2026-01-13,Mobile,Referral,Credit Card,5,5,0,205.6,0.0
2026-01-13,Mobile,Referral,Fixed Deposit,2,2,0,215.0,0.0
2026-01-13,Mobile,Referral,Personal Loan,6,6,0,195.66666666666666,0.0
2026-01-13,Mobile,Referral,Savings Account,5,5,2,222.2,40.0
2026-01-13,Tablet,Direct,Credit Card,1,1,0,199.0,0.0
2026-01-13,Tablet,Direct,Fixed Deposit,1,1,0,325.0,0.0
2026-01-13,Tablet,Direct,Personal Loan,2,2,0,129.5,0.0
2026-01-13,Tablet,Email,Credit Card,1,1,0,240.0,0.0
2026-01-13,Tablet,Email,Savings Account,1,1,0,17.0,0.0
2026-01-13,Tablet,Organic,Credit Card,1,1,0,238.0,0.0
2026-01-13,Tablet,Organic,Fixed Deposit,1,1,0,120.0,0.0
2026-01-13,Tablet,Organic,Personal Loan,1,1,0,143.0,0.0
2026-01-13,Tablet,Organic,Savings Account,1,1,0,196.0,0.0
2026-01-13,Tablet,Paid Search,Credit Card,4,4,1,241.5,25.0
2026-01-13,Tablet,Paid Search,Personal Loan,1,1,0,253.0,0.0
2026-01-13,Tablet,Referral,Personal Loan,1,1,0,492.0,0.0
2026-01-13,Tablet,Referral,Savings Account,2,2,0,274.5,0.0
2026-01-14,Desktop,Direct,Credit Card,9,9,0,203.55555555555554,0.0
2026-01-14,Desktop,Direct,Fixed Deposit,4,4,0,152.75,0.0
2026-01-14,Desktop,Direct,Personal Loan,7,7,2,286.57142857142856,28.57
2026-01-14,Desktop,Direct,Savings Account,8,8,4,284.125,50.0
2026-01-14,Desktop,Email,Credit Card,3,3,0,128.0,0.0
2026-01-14,Desktop,Email,Fixed Deposit,1,1,0,332.0,0.0
2026-01-14,Desktop,Email,Personal Loan,4,4,1,296.0,25.0
2026-01-14,Desktop,Email,Savings Account,2,2,2,447.5,100.0
2026-01-14,Desktop,Organic,Credit Card,11,11,1,165.0909090909091,9.09
2026-01-14,Desktop,Organic,Fixed Deposit,4,4,1,209.0,25.0
2026-01-14,Desktop,Organic,Personal Loan,4,4,2,205.25,50.0
2026-01-14,Desktop,Organic,Savings Account,10,10,1,192.5,10.0
2026-01-14,Desktop,Paid Search,Credit Card,3,3,0,354.3333333333333,0.0
2026-01-14,Desktop,Paid Search,Personal Loan,5,5,0,170.8,0.0
2026-01-14,Desktop,Paid Search,Savings Account,7,7,4,255.0,57.14
2026-01-14,Desktop,Referral,Credit Card,3,3,1,290.0,33.33
2026-01-14,Desktop,Referral,Personal Loan,1,1,1,292.0,100.0
2026-01-14,Desktop,Referral,Savings Account,2,2,0,135.0,0.0
2026-01-14,Mobile,Direct,Credit Card,11,11,3,250.63636363636363,27.27
2026-01-14,Mobile,Direct,Fixed Deposit,9,9,0,189.11111111111111,0.0
2026-01-14,Mobile,Direct,Personal Loan,17,17,3,210.0,17.65
2026-01-14,Mobile,Direct,Savings Account,28,28,11,227.46428571428572,39.29
2026-01-14,Mobile,Email,Credit Card,10,10,1,200.2,10.0
2026-01-14,Mobile,Email,Fixed Deposit,6,6,2,208.33333333333334,33.33
2026-01-14,Mobile,Email,Personal Loan,6,6,0,168.33333333333334,0.0
2026-01-14,Mobile,Email,Savings Account,5,5,1,204.0,20.0
2026-01-14,Mobile,Organic,Credit Card,20,20,4,230.85,20.0
2026-01-14,Mobile,Organic,Fixed Deposit,6,6,1,260.1666666666667,16.67
2026-01-14,Mobile,Organic,Personal Loan,14,14,3,209.92857142857142,21.43
2026-01-14,Mobile,Organic,Savings Account,20,20,5,251.95,25.0
2026-01-14,Mobile,Paid Search,Credit Card,20,20,4,214.9,20.0
2026-01-14,Mobile,Paid Search,Fixed Deposit,4,4,1,262.75,25.0
2026-01-14,Mobile,Paid Search,Personal Loan,10,10,2,246.0,20.0
2026-01-14,Mobile,Paid Search,Savings Account,15,15,5,252.06666666666666,33.33
2026-01-14,Mobile,Referral,Credit Card,6,6,0,209.16666666666666,0.0
2026-01-14,Mobile,Referral,Fixed Deposit,2,2,1,282.0,50.0
2026-01-14,Mobile,Referral,Personal Loan,4,4,1,255.5,25.0
2026-01-14,Mobile,Referral,Savings Account,7,7,4,278.14285714285717,57.14
2026-01-14,Tablet,Direct,Credit Card,3,3,0,410.0,0.0
2026-01-14,Tablet,Direct,Fixed Deposit,1,1,0,124.0,0.0
2026-01-14,Tablet,Direct,Savings Account,1,1,0,129.0,0.0
2026-01-14,Tablet,Email,Credit Card,1,1,0,186.0,0.0
2026-01-14,Tablet,Email,Fixed Deposit,1,1,0,217.0,0.0
2026-01-14,Tablet,Email,Personal Loan,1,1,0,255.0,0.0
2026-01-14,Tablet,Organic,Credit Card,1,1,0,111.0,0.0
2026-01-14,Tablet,Organic,Fixed Deposit,2,2,1,528.0,50.0
2026-01-14,Tablet,Organic,Savings Account,3,3,1,192.66666666666666,33.33
2026-01-14,Tablet,Paid Search,Credit Card,2,2,0,148.0,0.0
2026-01-14,Tablet,Paid Search,Personal Loan,1,1,0,291.0,0.0
2026-01-14,Tablet,Paid Search,Savings Account,3,3,0,278.6666666666667,0.0
2026-01-14,Tablet,Referral,Savings Account,1,1,0,189.0,0.0
2026-01-15,Desktop,Direct,Credit Card,9,9,1,222.0,11.11
2026-01-15,Desktop,Direct,Fixed Deposit,7,7,2,342.57142857142856,28.57
2026-01-15,Desktop,Direct,Personal Loan,4,4,0,275.75,0.0
2026-01-15,Desktop,Direct,Savings Account,4,4,1,230.5,25.0
2026-01-15,Desktop,Email,Credit Card,3,3,1,267.3333333333333,33.33
2026-01-15,Desktop,Email,Fixed Deposit,2,2,1,394.5,50.0
2026-01-15,Desktop,Email,Personal Loan,1,1,1,424.0,100.0
2026-01-15,Desktop,Email,Savings Account,4,4,1,171.25,25.0
2026-01-15,Desktop,Organic,Credit Card,5,5,2,202.4,40.0
2026-01-15,Desktop,Organic,Fixed Deposit,5,5,3,258.2,60.0
2026-01-15,Desktop,Organic,Personal Loan,13,13,4,259.46153846153845,30.77
2026-01-15,Desktop,Organic,Savings Account,6,6,2,241.0,33.33
2026-01-15,Desktop,Paid Search,Credit Card,11,11,2,247.36363636363637,18.18
2026-01-15,Desktop,Paid Search,Fixed Deposit,5,5,1,131.2,20.0
2026-01-15,Desktop,Paid Search,Personal Loan,5,5,2,307.4,40.0
2026-01-15,Desktop,Paid Search,Savings Account,3,3,0,214.33333333333334,0.0
2026-01-15,Desktop,Referral,Credit Card,4,4,1,227.75,25.0
2026-01-15,Desktop,Referral,Fixed Deposit,3,3,1,299.0,33.33
2026-01-15,Desktop,Referral,Personal Loan,2,2,0,162.5,0.0
2026-01-15,Desktop,Referral,Savings Account,2,2,0,246.0,0.0
2026-01-15,Mobile,Direct,Credit Card,17,17,8,258.0,47.06
2026-01-15,Mobile,Direct,Fixed Deposit,5,5,0,223.0,0.0
2026-01-15,Mobile,Direct,Personal Loan,16,16,4,210.5625,25.0
2026-01-15,Mobile,Direct,Savings Account,15,15,5,252.06666666666666,33.33
2026-01-15,Mobile,Email,Credit Card,9,9,4,246.33333333333334,44.44
2026-01-15,Mobile,Email,Fixed Deposit,2,2,1,323.0,50.0
2026-01-15,Mobile,Email,Personal Loan,9,9,2,177.0,22.22
2026-01-15,Mobile,Email,Savings Account,14,14,3,247.57142857142858,21.43
2026-01-15,Mobile,Organic,Credit Card,24,24,6,248.66666666666666,25.0
2026-01-15,Mobile,Organic,Fixed Deposit,5,5,0,229.8,0.0
2026-01-15,Mobile,Organic,Personal Loan,12,12,1,215.08333333333334,8.33
2026-01-15,Mobile,Organic,Savings Account,19,19,2,214.1578947368421,10.53
2026-01-15,Mobile,Paid Search,Credit Card,13,13,2,250.15384615384616,15.38
2026-01-15,Mobile,Paid Search,Fixed Deposit,9,9,4,303.8888888888889,44.44
2026-01-15,Mobile,Paid Search,Personal Loan,8,8,0,127.5,0.0
2026-01-15,Mobile,Paid Search,Savings Account,17,17,5,235.7058823529412,29.41
2026-01-15,Mobile,Referral,Credit Card,10,10,0,155.1,0.0
2026-01-15,Mobile,Referral,Fixed Deposit,2,2,1,246.5,50.0
2026-01-15,Mobile,Referral,Personal Loan,5,5,2,252.6,40.0
2026-01-15,Mobile,Referral,Savings Account,10,10,3,205.4,30.0
2026-01-15,Tablet,Direct,Savings Account,3,3,0,188.0,0.0
2026-01-15,Tablet,Email,Credit Card,1,1,0,114.0,0.0
2026-01-15,Tablet,Email,Fixed Deposit,1,1,0,80.0,0.0
2026-01-15,Tablet,Email,Personal Loan,4,4,0,231.5,0.0
2026-01-15,Tablet,Organic,Credit Card,2,2,0,62.5,0.0
2026-01-15,Tablet,Organic,Fixed Deposit,1,1,1,327.0,100.0
2026-01-15,Tablet,Organic,Savings Account,2,2,0,45.5,0.0
2026-01-15,Tablet,Paid Search,Credit Card,3,3,0,173.33333333333334,0.0
2026-01-15,Tablet,Paid Search,Fixed Deposit,1,1,0,334.0,0.0
2026-01-15,Tablet,Paid Search,Personal Loan,2,2,0,225.0,0.0
2026-01-15,Tablet,Paid Search,Savings Account,2,2,0,146.5,0.0
2026-01-15,Tablet,Referral,Credit Card,1,1,0,206.0,0.0
2026-01-15,Tablet,Referral,Savings Account,1,1,0,184.0,0.0
2026-01-16,Desktop,Direct,Credit Card,5,5,1,228.4,20.0
2026-01-16,Desktop,Direct,Fixed Deposit,3,3,0,195.0,0.0
2026-01-16,Desktop,Direct,Personal Loan,8,8,4,288.875,50.0
2026-01-16,Desktop,Direct,Savings Account,9,9,5,318.0,55.56
2026-01-16,Desktop,Email,Credit Card,2,2,0,317.5,0.0
2026-01-16,Desktop,Email,Fixed Deposit,1,1,0,37.0,0.0
2026-01-16,Desktop,Email,Personal Loan,2,2,1,313.0,50.0
2026-01-16,Desktop,Email,Savings Account,4,4,1,282.0,25.0
2026-01-16,Desktop,Organic,Credit Card,10,10,2,246.1,20.0
2026-01-16,Desktop,Organic,Fixed Deposit,1,1,0,203.0,0.0
2026-01-16,Desktop,Organic,Personal Loan,4,4,1,175.5,25.0
2026-01-16,Desktop,Organic,Savings Account,7,7,0,218.0,0.0
2026-01-16,Desktop,Paid Search,Credit Card,6,6,1,92.66666666666667,16.67
2026-01-16,Desktop,Paid Search,Fixed Deposit,1,1,1,374.0,100.0
2026-01-16,Desktop,Paid Search,Personal Loan,6,6,0,196.5,0.0
2026-01-16,Desktop,Paid Search,Savings Account,5,5,3,278.8,60.0
2026-01-16,Desktop,Referral,Credit Card,4,4,0,235.5,0.0
2026-01-16,Desktop,Referral,Fixed Deposit,1,1,0,124.0,0.0
2026-01-16,Desktop,Referral,Savings Account,1,1,0,49.0,0.0
2026-01-16,Mobile,Direct,Credit Card,14,14,3,223.0,21.43
2026-01-16,Mobile,Direct,Fixed Deposit,5,5,0,228.4,0.0
2026-01-16,Mobile,Direct,Personal Loan,20,20,6,217.6,30.0
2026-01-16,Mobile,Direct,Savings Account,17,17,4,206.0,23.53
2026-01-16,Mobile,Email,Credit Card,9,9,3,223.0,33.33
2026-01-16,Mobile,Email,Fixed Deposit,6,6,2,214.83333333333334,33.33
2026-01-16,Mobile,Email,Personal Loan,5,5,2,250.6,40.0
2026-01-16,Mobile,Email,Savings Account,6,6,0,134.66666666666666,0.0
2026-01-16,Mobile,Organic,Credit Card,23,23,4,210.04347826086956,17.39
2026-01-16,Mobile,Organic,Fixed Deposit,10,10,1,217.2,10.0
2026-01-16,Mobile,Organic,Personal Loan,15,15,2,189.33333333333334,13.33
2026-01-16,Mobile,Organic,Savings Account,25,25,6,233.68,24.0
2026-01-16,Mobile,Paid Search,Credit Card,13,13,1,199.0,7.69
2026-01-16,Mobile,Paid Search,Fixed Deposit,9,9,3,221.0,33.33
2026-01-16,Mobile,Paid Search,Personal Loan,11,11,1,254.27272727272728,9.09
2026-01-16,Mobile,Paid Search,Savings Account,18,18,3,206.33333333333334,16.67
2026-01-16,Mobile,Referral,Credit Card,1,1,0,360.0,0.0
2026-01-16,Mobile,Referral,Fixed Deposit,3,3,1,261.0,33.33
2026-01-16,Mobile,Referral,Personal Loan,6,6,2,197.0,33.33
2026-01-16,Mobile,Referral,Savings Account,6,6,1,206.5,16.67
2026-01-16,Tablet,Direct,Credit Card,2,2,1,232.0,50.0
2026-01-16,Tablet,Direct,Personal Loan,2,2,0,163.5,0.0
2026-01-16,Tablet,Direct,Savings Account,3,3,1,225.66666666666666,33.33
2026-01-16,Tablet,Email,Personal Loan,1,1,0,89.0,0.0
2026-01-16,Tablet,Email,Savings Account,1,1,0,242.0,0.0
2026-01-16,Tablet,Organic,Personal Loan,1,1,0,62.0,0.0
2026-01-16,Tablet,Paid Search,Personal Loan,2,2,0,192.5,0.0
2026-01-16,Tablet,Paid Search,Savings Account,2,2,0,165.0,0.0
2026-01-17,Desktop,Direct,Credit Card,7,7,2,187.0,28.57
2026-01-17,Desktop,Direct,Fixed Deposit,2,2,1,258.0,50.0
2026-01-17,Desktop,Direct,Personal Loan,6,6,4,382.5,66.67
2026-01-17,Desktop,Direct,Savings Account,7,7,2,281.42857142857144,28.57
2026-01-17,Desktop,Email,Credit Card,3,3,1,239.0,33.33
2026-01-17,Desktop,Email,Fixed Deposit,3,3,1,138.0,33.33
2026-01-17,Desktop,Email,Personal Loan,4,4,2,349.0,50.0
2026-01-17,Desktop,Email,Savings Account,5,5,0,214.8,0.0
2026-01-17,Desktop,Organic,Credit Card,8,8,2,212.125,25.0
2026-01-17,Desktop,Organic,Fixed Deposit,11,11,4,254.36363636363637,36.36
2026-01-17,Desktop,Organic,Personal Loan,5,5,0,164.8,0.0
2026-01-17,Desktop,Organic,Savings Account,14,14,6,281.92857142857144,42.86
2026-01-17,Desktop,Paid Search,Credit Card,8,8,3,249.375,37.5
2026-01-17,Desktop,Paid Search,Fixed Deposit,5,5,1,201.6,20.0
2026-01-17,Desktop,Paid Search,Personal Loan,2,2,1,409.5,50.0
2026-01-17,Desktop,Paid Search,Savings Account,13,13,4,213.15384615384616,30.77
2026-01-17,Desktop,Referral,Credit Card,3,3,1,168.33333333333334,33.33
2026-01-17,Desktop,Referral,Personal Loan,4,4,1,225.0,25.0
2026-01-17,Desktop,Referral,Savings Account,4,4,2,317.25,50.0
2026-01-17,Mobile,Direct,Credit Card,16,16,4,227.25,25.0
2026-01-17,Mobile,Direct,Fixed Deposit,11,11,3,194.9090909090909,27.27
2026-01-17,Mobile,Direct,Personal Loan,13,13,3,280.2307692307692,23.08
2026-01-17,Mobile,Direct,Savings Account,31,31,12,263.51612903225805,38.71
2026-01-17,Mobile,Email,Credit Card,9,9,2,288.8888888888889,22.22
2026-01-17,Mobile,Email,Fixed Deposit,2,2,0,82.0,0.0
2026-01-17,Mobile,Email,Personal Loan,7,7,1,227.28571428571428,14.29
2026-01-17,Mobile,Email,Savings Account,5,5,2,254.6,40.0
2026-01-17,Mobile,Organic,Credit Card,18,18,2,198.94444444444446,11.11
2026-01-17,Mobile,Organic,Fixed Deposit,5,5,1,249.4,20.0
2026-01-17,Mobile,Organic,Personal Loan,17,17,2,193.8235294117647,11.76
2026-01-17,Mobile,Organic,Savings Account,21,21,4,212.38095238095238,19.05
2026-01-17,Mobile,Paid Search,Credit Card,16,16,2,210.25,12.5
2026-01-17,Mobile,Paid Search,Fixed Deposit,12,12,2,206.75,16.67
2026-01-17,Mobile,Paid Search,Personal Loan,10,10,5,346.8,50.0
2026-01-17,Mobile,Paid Search,Savings Account,19,19,5,258.36842105263156,26.32
2026-01-17,Mobile,Referral,Credit Card,9,9,3,239.33333333333334,33.33
2026-01-17,Mobile,Referral,Fixed Deposit,1,1,0,113.0,0.0
2026-01-17,Mobile,Referral,Personal Loan,5,5,0,200.2,0.0
2026-01-17,Mobile,Referral,Savings Account,5,5,0,210.0,0.0
2026-01-17,Tablet,Direct,Credit Card,1,1,0,107.0,0.0
2026-01-17,Tablet,Direct,Fixed Deposit,1,1,0,264.0,0.0
2026-01-17,Tablet,Direct,Personal Loan,2,2,1,239.0,50.0
2026-01-17,Tablet,Direct,Savings Account,2,2,0,171.5,0.0
2026-01-17,Tablet,Email,Credit Card,1,1,1,401.0,100.0
2026-01-17,Tablet,Email,Personal Loan,1,1,1,442.0,100.0
2026-01-17,Tablet,Email,Savings Account,2,2,2,373.0,100.0
2026-01-17,Tablet,Organic,Credit Card,3,3,1,317.3333333333333,33.33
2026-01-17,Tablet,Organic,Fixed Deposit,2,2,0,202.0,0.0
2026-01-17,Tablet,Organic,Personal Loan,1,1,0,111.0,0.0
2026-01-17,Tablet,Organic,Savings Account,3,3,1,285.0,33.33
2026-01-17,Tablet,Paid Search,Fixed Deposit,1,1,0,174.0,0.0
2026-01-17,Tablet,Paid Search,Personal Loan,1,1,1,479.0,100.0
2026-01-17,Tablet,Paid Search,Savings Account,1,1,0,151.0,0.0
2026-01-17,Tablet,Referral,Credit Card,1,1,1,267.0,100.0
2026-01-17,Tablet,Referral,Fixed Deposit,3,3,1,245.33333333333334,33.33
2026-01-17,Tablet,Referral,Personal Loan,2,2,0,265.5,0.0
2026-01-17,Tablet,Referral,Savings Account,1,1,0,56.0,0.0
2026-01-18,Desktop,Direct,Credit Card,9,9,3,201.33333333333334,33.33
2026-01-18,Desktop,Direct,Fixed Deposit,3,3,1,121.0,33.33
2026-01-18,Desktop,Direct,Personal Loan,9,9,2,213.44444444444446,22.22
2026-01-18,Desktop,Direct,Savings Account,7,7,5,317.14285714285717,71.43
2026-01-18,Desktop,Email,Credit Card,5,5,3,352.4,60.0
2026-01-18,Desktop,Email,Fixed Deposit,3,3,2,342.0,66.67
2026-01-18,Desktop,Email,Personal Loan,2,2,0,334.5,0.0
2026-01-18,Desktop,Email,Savings Account,2,2,2,418.5,100.0
2026-01-18,Desktop,Organic,Credit Card,8,8,4,251.625,50.0
2026-01-18,Desktop,Organic,Fixed Deposit,4,4,2,266.25,50.0
2026-01-18,Desktop,Organic,Personal Loan,2,2,1,308.0,50.0
2026-01-18,Desktop,Organic,Savings Account,15,15,4,228.6,26.67
2026-01-18,Desktop,Paid Search,Credit Card,5,5,0,257.0,0.0
2026-01-18,Desktop,Paid Search,Fixed Deposit,1,1,0,128.0,0.0
2026-01-18,Desktop,Paid Search,Personal Loan,1,1,0,147.0,0.0
2026-01-18,Desktop,Paid Search,Savings Account,7,7,2,260.0,28.57
2026-01-18,Desktop,Referral,Credit Card,3,3,1,282.6666666666667,33.33
2026-01-18,Desktop,Referral,Fixed Deposit,3,3,1,396.3333333333333,33.33
2026-01-18,Desktop,Referral,Personal Loan,1,1,0,52.0,0.0
2026-01-18,Desktop,Referral,Savings Account,3,3,2,295.0,66.67
2026-01-18,Mobile,Direct,Credit Card,15,15,2,205.73333333333332,13.33
2026-01-18,Mobile,Direct,Fixed Deposit,7,7,2,154.57142857142858,28.57
2026-01-18,Mobile,Direct,Personal Loan,15,15,2,181.8,13.33
2026-01-18,Mobile,Direct,Savings Account,19,19,6,279.10526315789474,31.58
2026-01-18,Mobile,Email,Credit Card,6,6,1,265.5,16.67
2026-01-18,Mobile,Email,Fixed Deposit,5,5,0,255.6,0.0
2026-01-18,Mobile,Email,Personal Loan,9,9,2,256.8888888888889,22.22
2026-01-18,Mobile,Email,Savings Account,7,7,2,198.14285714285714,28.57
2026-01-18,Mobile,Organic,Credit Card,21,21,3,227.0952380952381,14.29
2026-01-18,Mobile,Organic,Fixed Deposit,7,7,2,211.57142857142858,28.57
2026-01-18,Mobile,Organic,Personal Loan,21,21,5,251.47619047619048,23.81
2026-01-18,Mobile,Organic,Savings Account,20,20,9,266.4,45.0
2026-01-18,Mobile,Paid Search,Credit Card,19,18,4,212.31578947368422,21.05
2026-01-18,Mobile,Paid Search,Fixed Deposit,7,7,1,206.42857142857142,14.29
2026-01-18,Mobile,Paid Search,Personal Loan,12,12,0,146.25,0.0
2026-01-18,Mobile,Paid Search,Savings Account,20,20,4,205.75,20.0
2026-01-18,Mobile,Referral,Credit Card,2,2,2,515.0,100.0
2026-01-18,Mobile,Referral,Fixed Deposit,2,2,0,313.5,0.0
2026-01-18,Mobile,Referral,Personal Loan,5,5,0,257.4,0.0
2026-01-18,Mobile,Referral,Savings Account,3,3,1,196.0,33.33
2026-01-18,Tablet,Direct,Personal Loan,1,1,0,203.0,0.0
2026-01-18,Tablet,Direct,Savings Account,1,1,1,476.0,100.0
2026-01-18,Tablet,Email,Savings Account,3,3,2,285.3333333333333,66.67
2026-01-18,Tablet,Organic,Credit Card,1,1,0,97.0,0.0
2026-01-18,Tablet,Organic,Fixed Deposit,2,2,0,458.0,0.0
2026-01-18,Tablet,Organic,Personal Loan,1,1,0,149.0,0.0
2026-01-18,Tablet,Organic,Savings Account,3,3,1,228.33333333333334,33.33
2026-01-18,Tablet,Paid Search,Credit Card,1,1,0,267.0,0.0
2026-01-18,Tablet,Paid Search,Fixed Deposit,1,1,0,168.0,0.0
2026-01-18,Tablet,Paid Search,Personal Loan,1,1,0,96.0,0.0
2026-01-18,Tablet,Paid Search,Savings Account,1,1,1,406.0,100.0
2026-01-18,Tablet,Referral,Personal Loan,1,1,0,134.0,0.0
2026-01-19,Desktop,Direct,Credit Card,5,5,3,280.0,60.0
2026-01-19,Desktop,Direct,Personal Loan,5,5,2,267.6,40.0
2026-01-19,Desktop,Direct,Savings Account,4,4,0,164.75,0.0
2026-01-19,Desktop,Email,Credit Card,6,6,1,176.0,16.67
2026-01-19,Desktop,Email,Personal Loan,3,3,0,134.0,0.0
2026-01-19,Desktop,Email,Savings Account,2,2,1,239.5,50.0
2026-01-19,Desktop,Organic,Credit Card,15,15,5,218.66666666666666,33.33
2026-01-19,Desktop,Organic,Fixed Deposit,2,2,0,166.5,0.0
2026-01-19,Desktop,Organic,Personal Loan,4,4,1,263.25,25.0
2026-01-19,Desktop,Organic,Savings Account,6,6,2,228.66666666666666,33.33
2026-01-19,Desktop,Paid Search,Credit Card,8,8,1,215.625,12.5
2026-01-19,Desktop,Paid Search,Fixed Deposit,2,2,1,132.5,50.0
2026-01-19,Desktop,Paid Search,Personal Loan,7,7,2,230.14285714285714,28.57
2026-01-19,Desktop,Paid Search,Savings Account,7,7,1,236.71428571428572,14.29
2026-01-19,Desktop,Referral,Credit Card,4,4,0,209.75,0.0
2026-01-19,Desktop,Referral,Fixed Deposit,2,2,2,285.5,100.0
2026-01-19,Desktop,Referral,Personal Loan,1,1,0,101.0,0.0
2026-01-19,Desktop,Referral,Savings Account,5,5,3,317.4,60.0
2026-01-19,Mobile,Direct,Credit Card,23,23,6,266.39130434782606,26.09
2026-01-19,Mobile,Direct,Fixed Deposit,6,6,2,206.66666666666666,33.33
2026-01-19,Mobile,Direct,Personal Loan,14,14,3,237.35714285714286,21.43
2026-01-19,Mobile,Direct,Savings Account,25,25,6,267.6,24.0
2026-01-19,Mobile,Email,Credit Card,12,12,3,246.5,25.0
2026-01-19,Mobile,Email,Fixed Deposit,2,2,0,343.0,0.0
2026-01-19,Mobile,Email,Personal Loan,6,6,2,240.33333333333334,33.33
2026-01-19,Mobile,Email,Savings Account,6,6,3,290.3333333333333,50.0
2026-01-19,Mobile,Organic,Credit Card,18,18,2,196.05555555555554,11.11
2026-01-19,Mobile,Organic,Fixed Deposit,6,6,2,182.16666666666666,33.33
2026-01-19,Mobile,Organic,Personal Loan,22,22,6,281.72727272727275,27.27
2026-01-19,Mobile,Organic,Savings Account,19,19,5,270.7894736842105,26.32
2026-01-19,Mobile,Paid Search,Credit Card,11,11,2,231.72727272727272,18.18
2026-01-19,Mobile,Paid Search,Fixed Deposit,5,5,0,229.2,0.0
2026-01-19,Mobile,Paid Search,Personal Loan,14,14,3,183.57142857142858,21.43
2026-01-19,Mobile,Paid Search,Savings Account,10,10,1,203.1,10.0
2026-01-19,Mobile,Referral,Credit Card,9,9,1,160.88888888888889,11.11
2026-01-19,Mobile,Referral,Fixed Deposit,5,5,2,233.8,40.0
2026-01-19,Mobile,Referral,Personal Loan,2,2,1,192.5,50.0
2026-01-19,Mobile,Referral,Savings Account,7,7,0,161.14285714285714,0.0
2026-01-19,Tablet,Direct,Credit Card,3,3,1,242.0,33.33
2026-01-19,Tablet,Direct,Fixed Deposit,3,3,0,197.66666666666666,0.0
2026-01-19,Tablet,Direct,Personal Loan,1,1,0,232.0,0.0
2026-01-19,Tablet,Direct,Savings Account,3,3,0,230.66666666666666,0.0
2026-01-19,Tablet,Email,Credit Card,1,1,0,93.0,0.0
2026-01-19,Tablet,Email,Savings Account,1,1,0,44.0,0.0
2026-01-19,Tablet,Organic,Credit Card,4,4,1,315.5,25.0
2026-01-19,Tablet,Organic,Personal Loan,1,1,1,331.0,100.0
2026-01-19,Tablet,Organic,Savings Account,2,2,0,171.5,0.0
2026-01-19,Tablet,Paid Search,Credit Card,2,2,0,213.5,0.0
2026-01-19,Tablet,Paid Search,Savings Account,1,1,0,54.0,0.0
2026-01-19,Tablet,Referral,Credit Card,3,3,0,178.66666666666666,0.0
2026-01-19,Tablet,Referral,Fixed Deposit,1,1,1,276.0,100.0
2026-01-19,Tablet,Referral,Savings Account,1,1,1,427.0,100.0
2026-01-20,Desktop,Direct,Credit Card,7,7,3,236.57142857142858,42.86
2026-01-20,Desktop,Direct,Fixed Deposit,5,5,3,329.8,60.0
2026-01-20,Desktop,Direct,Personal Loan,8,8,3,282.0,37.5
2026-01-20,Desktop,Direct,Savings Account,5,5,3,240.6,60.0
2026-01-20,Desktop,Email,Credit Card,3,3,1,282.0,33.33
2026-01-20,Desktop,Email,Fixed Deposit,3,3,1,386.6666666666667,33.33
2026-01-20,Desktop,Email,Personal Loan,3,3,1,251.0,33.33
2026-01-20,Desktop,Email,Savings Account,8,8,2,206.5,25.0
2026-01-20,Desktop,Organic,Credit Card,5,5,0,131.6,0.0
2026-01-20,Desktop,Organic,Fixed Deposit,4,4,1,331.0,25.0
2026-01-20,Desktop,Organic,Personal Loan,9,9,3,204.33333333333334,33.33
2026-01-20,Desktop,Organic,Savings Account,9,9,3,256.22222222222223,33.33
2026-01-20,Desktop,Paid Search,Credit Card,7,7,1,215.85714285714286,14.29
2026-01-20,Desktop,Paid Search,Personal Loan,3,3,2,213.33333333333334,66.67
2026-01-20,Desktop,Paid Search,Savings Account,5,5,0,171.2,0.0
2026-01-20,Desktop,Referral,Credit Card,5,5,1,200.8,20.0
2026-01-20,Desktop,Referral,Fixed Deposit,2,2,1,451.0,50.0
2026-01-20,Desktop,Referral,Personal Loan,2,2,1,241.0,50.0
2026-01-20,Desktop,Referral,Savings Account,7,7,2,232.14285714285714,28.57
2026-01-20,Mobile,Direct,Credit Card,19,19,1,184.73684210526315,5.26
2026-01-20,Mobile,Direct,Fixed Deposit,7,7,1,214.14285714285714,14.29
2026-01-20,Mobile,Direct,Personal Loan,13,13,2,215.23076923076923,15.38
2026-01-20,Mobile,Direct,Savings Account,19,19,6,217.6315789473684,31.58
2026-01-20,Mobile,Email,Credit Card,11,11,6,316.72727272727275,54.55
2026-01-20,Mobile,Email,Fixed Deposit,3,3,1,247.33333333333334,33.33
2026-01-20,Mobile,Email,Personal Loan,6,6,1,160.66666666666666,16.67
2026-01-20,Mobile,Email,Savings Account,12,12,4,250.83333333333334,33.33
2026-01-20,Mobile,Organic,Credit Card,18,18,4,192.94444444444446,22.22
2026-01-20,Mobile,Organic,Fixed Deposit,11,11,3,210.0909090909091,27.27
2026-01-20,Mobile,Organic,Personal Loan,18,18,1,164.61111111111111,5.56
2026-01-20,Mobile,Organic,Savings Account,20,20,2,178.8,10.0
2026-01-20,Mobile,Paid Search,Credit Card,17,17,7,268.5882352941176,41.18
2026-01-20,Mobile,Paid Search,Fixed Deposit,5,5,0,163.0,0.0
2026-01-20,Mobile,Paid Search,Personal Loan,12,12,0,207.16666666666666,0.0
2026-01-20,Mobile,Paid Search,Savings Account,17,17,6,254.88235294117646,35.29
2026-01-20,Mobile,Referral,Credit Card,4,4,1,208.5,25.0
2026-01-20,Mobile,Referral,Fixed Deposit,1,1,0,249.0,0.0
2026-01-20,Mobile,Referral,Personal Loan,4,4,1,233.75,25.0
2026-01-20,Mobile,Referral,Savings Account,6,6,2,243.0,33.33
2026-01-20,Tablet,Direct,Credit Card,3,3,1,240.33333333333334,33.33
2026-01-20,Tablet,Direct,Fixed Deposit,1,1,0,23.0,0.0
2026-01-20,Tablet,Direct,Personal Loan,1,1,0,200.0,0.0
2026-01-20,Tablet,Direct,Savings Account,4,4,2,273.25,50.0
2026-01-20,Tablet,Email,Credit Card,1,1,0,179.0,0.0
2026-01-20,Tablet,Email,Personal Loan,2,2,0,189.5,0.0
2026-01-20,Tablet,Organic,Credit Card,2,2,0,237.0,0.0
2026-01-20,Tablet,Organic,Savings Account,4,4,2,207.5,50.0
2026-01-20,Tablet,Paid Search,Credit Card,1,1,1,367.0,100.0
2026-01-20,Tablet,Paid Search,Fixed Deposit,3,3,1,408.3333333333333,33.33
2026-01-20,Tablet,Paid Search,Savings Account,1,1,0,217.0,0.0
2026-01-20,Tablet,Referral,Credit Card,1,1,0,201.0,0.0
2026-01-20,Tablet,Referral,Savings Account,1,1,0,333.0,0.0
2026-01-21,Desktop,Direct,Credit Card,7,7,2,232.71428571428572,28.57
2026-01-21,Desktop,Direct,Fixed Deposit,2,2,1,325.0,50.0
2026-01-21,Desktop,Direct,Personal Loan,2,2,0,297.5,0.0
2026-01-21,Desktop,Direct,Savings Account,9,9,2,289.6666666666667,22.22
2026-01-21,Desktop,Email,Credit Card,8,8,3,271.125,37.5
2026-01-21,Desktop,Email,Fixed Deposit,2,2,2,501.0,100.0
2026-01-21,Desktop,Email,Savings Account,4,4,3,269.0,75.0
2026-01-21,Desktop,Organic,Credit Card,15,15,5,273.8666666666667,33.33
2026-01-21,Desktop,Organic,Fixed Deposit,2,2,1,265.5,50.0
2026-01-21,Desktop,Organic,Personal Loan,2,2,0,143.0,0.0
2026-01-21,Desktop,Organic,Savings Account,11,11,2,240.45454545454547,18.18
2026-01-21,Desktop,Paid Search,Credit Card,4,4,1,215.0,25.0
2026-01-21,Desktop,Paid Search,Fixed Deposit,2,2,0,172.0,0.0
2026-01-21,Desktop,Paid Search,Personal Loan,3,3,2,330.6666666666667,66.67
2026-01-21,Desktop,Paid Search,Savings Account,10,10,4,282.0,40.0
2026-01-21,Desktop,Referral,Credit Card,4,4,1,158.5,25.0
2026-01-21,Desktop,Referral,Fixed Deposit,2,2,0,114.0,0.0
2026-01-21,Desktop,Referral,Personal Loan,4,4,1,174.5,25.0
2026-01-21,Desktop,Referral,Savings Account,2,2,1,370.5,50.0
2026-01-21,Mobile,Direct,Credit Card,19,19,3,197.0,15.79
2026-01-21,Mobile,Direct,Fixed Deposit,6,6,1,181.83333333333334,16.67
2026-01-21,Mobile,Direct,Personal Loan,13,13,2,254.53846153846155,15.38
2026-01-21,Mobile,Direct,Savings Account,15,15,2,192.86666666666667,13.33
2026-01-21,Mobile,Email,Credit Card,10,10,3,261.3,30.0
2026-01-21,Mobile,Email,Fixed Deposit,7,7,1,281.85714285714283,14.29
2026-01-21,Mobile,Email,Personal Loan,7,7,2,217.0,28.57
2026-01-21,Mobile,Email,Savings Account,11,11,2,189.45454545454547,18.18
2026-01-21,Mobile,Organic,Credit Card,23,23,2,206.17391304347825,8.7
2026-01-21,Mobile,Organic,Fixed Deposit,17,17,4,297.29411764705884,23.53
2026-01-21,Mobile,Organic,Personal Loan,19,19,5,256.2105263157895,26.32
2026-01-21,Mobile,Organic,Savings Account,21,21,5,226.61904761904762,23.81
2026-01-21,Mobile,Paid Search,Credit Card,14,14,5,252.28571428571428,35.71
2026-01-21,Mobile,Paid Search,Fixed Deposit,6,6,4,299.0,66.67
2026-01-21,Mobile,Paid Search,Personal Loan,8,8,0,219.25,0.0
2026-01-21,Mobile,Paid Search,Savings Account,20,20,7,248.1,35.0
2026-01-21,Mobile,Referral,Credit Card,1,1,0,158.0,0.0
2026-01-21,Mobile,Referral,Fixed Deposit,2,2,0,197.5,0.0
2026-01-21,Mobile,Referral,Personal Loan,8,8,1,264.5,12.5
2026-01-21,Mobile,Referral,Savings Account,4,4,1,272.0,25.0
2026-01-21,Tablet,Direct,Credit Card,2,2,2,335.0,100.0
2026-01-21,Tablet,Direct,Fixed Deposit,2,2,0,201.0,0.0
2026-01-21,Tablet,Direct,Personal Loan,1,1,0,154.0,0.0
2026-01-21,Tablet,Email,Credit Card,3,3,1,369.6666666666667,33.33
2026-01-21,Tablet,Email,Fixed Deposit,1,1,0,193.0,0.0
2026-01-21,Tablet,Email,Personal Loan,1,1,0,338.0,0.0
2026-01-21,Tablet,Email,Savings Account,2,2,0,237.5,0.0
2026-01-21,Tablet,Organic,Fixed Deposit,1,1,0,224.0,0.0
2026-01-21,Tablet,Organic,Personal Loan,4,4,0,180.25,0.0
2026-01-21,Tablet,Paid Search,Credit Card,2,2,1,331.0,50.0
2026-01-21,Tablet,Referral,Credit Card,1,1,0,168.0,0.0
2026-01-22,Desktop,Direct,Credit Card,13,13,3,230.53846153846155,23.08
2026-01-22,Desktop,Direct,Fixed Deposit,7,7,4,315.57142857142856,57.14
2026-01-22,Desktop,Direct,Personal Loan,4,4,2,262.75,50.0
2026-01-22,Desktop,Direct,Savings Account,11,10,3,300.72727272727275,27.27
2026-01-22,Desktop,Email,Credit Card,2,2,0,322.5,0.0
2026-01-22,Desktop,Email,Fixed Deposit,2,2,0,96.0,0.0
2026-01-22,Desktop,Email,Personal Loan,2,2,2,379.0,100.0
2026-01-22,Desktop,Email,Savings Account,1,1,0,224.0,0.0
2026-01-22,Desktop,Organic,Credit Card,7,7,2,179.42857142857142,28.57
2026-01-22,Desktop,Organic,Fixed Deposit,4,4,2,267.0,50.0
2026-01-22,Desktop,Organic,Personal Loan,10,10,3,201.6,30.0
2026-01-22,Desktop,Organic,Savings Account,8,8,1,173.625,12.5
2026-01-22,Desktop,Paid Search,Credit Card,7,7,1,223.0,14.29
2026-01-22,Desktop,Paid Search,Fixed Deposit,2,2,1,364.5,50.0
2026-01-22,Desktop,Paid Search,Personal Loan,5,5,2,248.6,40.0
2026-01-22,Desktop,Paid Search,Savings Account,7,7,3,261.42857142857144,42.86
2026-01-22,Desktop,Referral,Credit Card,1,1,0,232.0,0.0
2026-01-22,Desktop,Referral,Fixed Deposit,2,2,0,61.5,0.0
2026-01-22,Desktop,Referral,Personal Loan,1,1,1,369.0,100.0
2026-01-22,Desktop,Referral,Savings Account,2,2,0,127.5,0.0
2026-01-22,Mobile,Direct,Credit Card,17,17,5,249.11764705882354,29.41
2026-01-22,Mobile,Direct,Fixed Deposit,6,6,2,237.16666666666666,33.33
2026-01-22,Mobile,Direct,Personal Loan,15,15,6,305.8666666666667,40.0
2026-01-22,Mobile,Direct,Savings Account,26,26,8,236.19230769230768,30.77
2026-01-22,Mobile,Email,Credit Card,9,9,2,222.88888888888889,22.22
2026-01-22,Mobile,Email,Fixed Deposit,3,3,1,194.66666666666666,33.33
2026-01-22,Mobile,Email,Personal Loan,9,9,3,235.88888888888889,33.33
2026-01-22,Mobile,Email,Savings Account,11,11,3,229.27272727272728,27.27
2026-01-22,Mobile,Organic,Credit Card,15,15,2,197.0,13.33
2026-01-22,Mobile,Organic,Fixed Deposit,13,13,3,225.6153846153846,23.08
2026-01-22,Mobile,Organic,Personal Loan,16,16,2,245.125,12.5
2026-01-22,Mobile,Organic,Savings Account,24,24,6,233.125,25.0
2026-01-22,Mobile,Paid Search,Credit Card,16,16,5,194.5,31.25
2026-01-22,Mobile,Paid Search,Fixed Deposit,8,8,1,227.625,12.5
2026-01-22,Mobile,Paid Search,Personal Loan,11,11,2,209.8181818181818,18.18
2026-01-22,Mobile,Paid Search,Savings Account,15,15,3,216.06666666666666,20.0
2026-01-22,Mobile,Referral,Credit Card,8,8,1,199.875,12.5
2026-01-22,Mobile,Referral,Fixed Deposit,4,4,1,169.25,25.0
2026-01-22,Mobile,Referral,Personal Loan,4,4,2,244.5,50.0
2026-01-22,Mobile,Referral,Savings Account,9,9,1,182.77777777777777,11.11
2026-01-22,Tablet,Direct,Credit Card,3,3,1,284.3333333333333,33.33
2026-01-22,Tablet,Direct,Personal Loan,2,2,1,344.5,50.0
2026-01-22,Tablet,Direct,Savings Account,1,1,1,220.0,100.0
2026-01-22,Tablet,Email,Credit Card,1,1,1,340.0,100.0
2026-01-22,Tablet,Email,Savings Account,1,1,1,369.0,100.0
2026-01-22,Tablet,Organic,Credit Card,3,3,0,321.6666666666667,0.0
2026-01-22,Tablet,Organic,Fixed Deposit,1,1,0,70.0,0.0
2026-01-22,Tablet,Organic,Personal Loan,2,2,1,315.5,50.0
2026-01-22,Tablet,Organic,Savings Account,1,1,1,220.0,100.0
2026-01-22,Tablet,Paid Search,Credit Card,3,3,1,131.66666666666666,33.33
2026-01-22,Tablet,Paid Search,Savings Account,1,1,0,259.0,0.0
2026-01-22,Tablet,Referral,Savings Account,1,1,0,220.0,0.0
2026-01-23,Desktop,Direct,Credit Card,9,9,4,211.77777777777777,44.44
2026-01-23,Desktop,Direct,Fixed Deposit,6,6,2,198.0,33.33
2026-01-23,Desktop,Direct,Personal Loan,4,4,2,257.0,50.0
2026-01-23,Desktop,Direct,Savings Account,10,10,5,350.7,50.0
2026-01-23,Desktop,Email,Credit Card,2,2,1,385.0,50.0
2026-01-23,Desktop,Email,Fixed Deposit,1,1,1,409.0,100.0
2026-01-23,Desktop,Email,Savings Account,4,4,1,166.0,25.0
2026-01-23,Desktop,Organic,Credit Card,9,9,2,164.33333333333334,22.22
2026-01-23,Desktop,Organic,Fixed Deposit,5,5,4,402.4,80.0
2026-01-23,Desktop,Organic,Personal Loan,12,12,2,197.41666666666666,16.67
2026-01-23,Desktop,Organic,Savings Account,8,8,1,171.0,12.5
2026-01-23,Desktop,Paid Search,Credit Card,7,7,1,251.14285714285714,14.29
2026-01-23,Desktop,Paid Search,Fixed Deposit,2,2,1,349.5,50.0
2026-01-23,Desktop,Paid Search,Personal Loan,8,8,3,272.625,37.5
2026-01-23,Desktop,Paid Search,Savings Account,6,6,1,136.66666666666666,16.67
2026-01-23,Desktop,Referral,Credit Card,2,2,0,33.5,0.0
2026-01-23,Desktop,Referral,Fixed Deposit,1,1,0,233.0,0.0
2026-01-23,Desktop,Referral,Personal Loan,2,2,0,141.0,0.0
2026-01-23,Desktop,Referral,Savings Account,2,2,0,267.5,0.0
2026-01-23,Mobile,Direct,Credit Card,11,11,4,260.09090909090907,36.36
2026-01-23,Mobile,Direct,Fixed Deposit,12,12,5,244.0,41.67
2026-01-23,Mobile,Direct,Personal Loan,16,16,3,224.125,18.75
2026-01-23,Mobile,Direct,Savings Account,16,16,7,262.3125,43.75
2026-01-23,Mobile,Email,Credit Card,8,8,2,283.0,25.0
2026-01-23,Mobile,Email,Fixed Deposit,4,4,1,269.5,25.0
2026-01-23,Mobile,Email,Personal Loan,8,8,3,267.25,37.5
2026-01-23,Mobile,Email,Savings Account,8,8,3,284.75,37.5
2026-01-23,Mobile,Organic,Credit Card,29,29,6,213.55172413793105,20.69
2026-01-23,Mobile,Organic,Fixed Deposit,9,9,1,194.66666666666666,11.11
2026-01-23,Mobile,Organic,Personal Loan,18,18,3,217.38888888888889,16.67
2026-01-23,Mobile,Organic,Savings Account,22,22,3,207.3181818181818,13.64
2026-01-23,Mobile,Paid Search,Credit Card,16,16,6,289.6875,37.5
2026-01-23,Mobile,Paid Search,Fixed Deposit,6,6,0,136.66666666666666,0.0
2026-01-23,Mobile,Paid Search,Personal Loan,9,9,1,212.22222222222223,11.11
2026-01-23,Mobile,Paid Search,Savings Account,16,16,4,205.6875,25.0
2026-01-23,Mobile,Referral,Credit Card,5,5,1,175.4,20.0
2026-01-23,Mobile,Referral,Personal Loan,8,8,0,173.375,0.0
2026-01-23,Mobile,Referral,Savings Account,6,6,1,207.83333333333334,16.67
2026-01-23,Tablet,Direct,Fixed Deposit,1,1,0,249.0,0.0
2026-01-23,Tablet,Email,Credit Card,1,1,0,285.0,0.0
2026-01-23,Tablet,Organic,Fixed Deposit,1,1,0,135.0,0.0
2026-01-23,Tablet,Organic,Personal Loan,2,2,2,478.5,100.0
2026-01-23,Tablet,Organic,Savings Account,1,1,0,148.0,0.0
2026-01-23,Tablet,Paid Search,Credit Card,1,1,0,180.0,0.0
2026-01-23,Tablet,Paid Search,Personal Loan,1,1,0,68.0,0.0
2026-01-23,Tablet,Paid Search,Savings Account,3,3,1,340.3333333333333,33.33
2026-01-23,Tablet,Referral,Credit Card,1,1,0,81.0,0.0
2026-01-23,Tablet,Referral,Personal Loan,1,1,1,299.0,100.0
2026-01-24,Desktop,Direct,Credit Card,8,8,4,312.625,50.0
2026-01-24,Desktop,Direct,Fixed Deposit,2,2,1,332.0,50.0
2026-01-24,Desktop,Direct,Personal Loan,5,5,0,197.2,0.0
2026-01-24,Desktop,Direct,Savings Account,11,11,5,289.8181818181818,45.45
2026-01-24,Desktop,Email,Credit Card,2,2,0,144.5,0.0
2026-01-24,Desktop,Email,Fixed Deposit,2,2,1,312.0,50.0
2026-01-24,Desktop,Email,Savings Account,8,8,5,288.375,62.5
2026-01-24,Desktop,Organic,Credit Card,8,8,1,225.0,12.5
2026-01-24,Desktop,Organic,Fixed Deposit,7,7,1,257.85714285714283,14.29
2026-01-24,Desktop,Organic,Personal Loan,8,8,1,241.625,12.5
2026-01-24,Desktop,Organic,Savings Account,6,6,2,234.5,33.33
2026-01-24,Desktop,Paid Search,Credit Card,9,9,2,245.0,22.22
2026-01-24,Desktop,Paid Search,Fixed Deposit,5,5,1,283.0,20.0
2026-01-24,Desktop,Paid Search,Personal Loan,5,5,1,209.4,20.0
2026-01-24,Desktop,Paid Search,Savings Account,7,7,3,305.0,42.86
2026-01-24,Desktop,Referral,Credit Card,3,3,0,201.0,0.0
2026-01-24,Desktop,Referral,Fixed Deposit,2,2,0,268.0,0.0
2026-01-24,Desktop,Referral,Savings Account,2,2,0,105.0,0.0
2026-01-24,Mobile,Direct,Credit Card,19,19,9,271.57894736842104,47.37
2026-01-24,Mobile,Direct,Fixed Deposit,8,8,3,290.375,37.5
2026-01-24,Mobile,Direct,Personal Loan,14,14,1,236.35714285714286,7.14
2026-01-24,Mobile,Direct,Savings Account,11,11,4,265.8181818181818,36.36
2026-01-24,Mobile,Email,Credit Card,10,10,3,227.8,30.0
2026-01-24,Mobile,Email,Fixed Deposit,3,3,1,154.0,33.33
2026-01-24,Mobile,Email,Personal Loan,6,6,1,270.1666666666667,16.67
2026-01-24,Mobile,Email,Savings Account,9,9,3,234.22222222222223,33.33
2026-01-24,Mobile,Organic,Credit Card,23,23,3,223.47826086956522,13.04
2026-01-24,Mobile,Organic,Fixed Deposit,12,12,1,199.83333333333334,8.33
2026-01-24,Mobile,Organic,Personal Loan,9,9,1,255.0,11.11
2026-01-24,Mobile,Organic,Savings Account,27,27,4,193.2962962962963,14.81
2026-01-24,Mobile,Paid Search,Credit Card,11,11,1,226.54545454545453,9.09
2026-01-24,Mobile,Paid Search,Fixed Deposit,9,9,0,286.55555555555554,0.0
2026-01-24,Mobile,Paid Search,Personal Loan,12,12,4,273.75,33.33
2026-01-24,Mobile,Paid Search,Savings Account,22,22,5,232.36363636363637,22.73
2026-01-24,Mobile,Referral,Credit Card,4,4,0,210.0,0.0
2026-01-24,Mobile,Referral,Fixed Deposit,1,1,0,253.0,0.0
2026-01-24,Mobile,Referral,Personal Loan,5,5,2,260.6,40.0
2026-01-24,Mobile,Referral,Savings Account,6,6,2,226.66666666666666,33.33
2026-01-24,Tablet,Direct,Credit Card,1,1,0,178.0,0.0
2026-01-24,Tablet,Direct,Fixed Deposit,1,1,1,290.0,100.0
2026-01-24,Tablet,Direct,Personal Loan,2,2,0,192.0,0.0
2026-01-24,Tablet,Direct,Savings Account,2,2,1,235.0,50.0
2026-01-24,Tablet,Email,Credit Card,1,1,0,131.0,0.0
2026-01-24,Tablet,Email,Savings Account,1,1,1,406.0,100.0
2026-01-24,Tablet,Organic,Credit Card,1,1,0,349.0,0.0
2026-01-24,Tablet,Organic,Personal Loan,4,4,0,204.5,0.0
2026-01-24,Tablet,Organic,Savings Account,1,1,1,341.0,100.0
2026-01-24,Tablet,Paid Search,Credit Card,2,2,0,172.5,0.0
2026-01-24,Tablet,Paid Search,Fixed Deposit,2,2,0,157.0,0.0
2026-01-24,Tablet,Paid Search,Personal Loan,2,2,0,291.0,0.0
2026-01-25,Desktop,Direct,Credit Card,8,8,1,187.75,12.5
2026-01-25,Desktop,Direct,Fixed Deposit,3,3,3,304.6666666666667,100.0
2026-01-25,Desktop,Direct,Personal Loan,4,4,0,168.0,0.0
2026-01-25,Desktop,Direct,Savings Account,9,9,3,246.66666666666666,33.33
2026-01-25,Desktop,Email,Credit Card,6,6,2,313.0,33.33
2026-01-25,Desktop,Email,Fixed Deposit,3,3,1,277.0,33.33
2026-01-25,Desktop,Email,Personal Loan,4,4,2,228.0,50.0
2026-01-25,Desktop,Email,Savings Account,6,6,1,243.0,16.67
2026-01-25,Desktop,Organic,Credit Card,8,8,0,188.75,0.0
2026-01-25,Desktop,Organic,Fixed Deposit,8,8,2,301.0,25.0
2026-01-25,Desktop,Organic,Personal Loan,8,8,1,235.0,12.5
2026-01-25,Desktop,Organic,Savings Account,6,6,2,241.5,33.33
2026-01-25,Desktop,Paid Search,Credit Card,8,8,2,289.375,25.0
2026-01-25,Desktop,Paid Search,Fixed Deposit,1,1,0,279.0,0.0
2026-01-25,Desktop,Paid Search,Personal Loan,7,7,2,232.57142857142858,28.57
2026-01-25,Desktop,Paid Search,Savings Account,6,6,2,262.8333333333333,33.33
2026-01-25,Desktop,Referral,Credit Card,4,4,2,248.5,50.0
2026-01-25,Desktop,Referral,Fixed Deposit,2,2,0,275.5,0.0
2026-01-25,Desktop,Referral,Personal Loan,1,1,0,92.0,0.0
2026-01-25,Desktop,Referral,Savings Account,4,4,1,268.25,25.0
2026-01-25,Mobile,Direct,Credit Card,17,17,4,226.8235294117647,23.53
2026-01-25,Mobile,Direct,Fixed Deposit,11,11,3,216.8181818181818,27.27
2026-01-25,Mobile,Direct,Personal Loan,15,15,5,287.06666666666666,33.33
2026-01-25,Mobile,Direct,Savings Account,11,11,5,268.72727272727275,45.45
2026-01-25,Mobile,Email,Credit Card,10,10,2,217.8,20.0
2026-01-25,Mobile,Email,Fixed Deposit,2,2,2,333.0,100.0
2026-01-25,Mobile,Email,Personal Loan,11,11,3,256.72727272727275,27.27
2026-01-25,Mobile,Email,Savings Account,10,10,5,317.1,50.0
2026-01-25,Mobile,Organic,Credit Card,15,15,3,235.0,20.0
2026-01-25,Mobile,Organic,Fixed Deposit,4,4,1,160.0,25.0
2026-01-25,Mobile,Organic,Personal Loan,20,20,3,174.95,15.0
2026-01-25,Mobile,Organic,Savings Account,26,26,6,236.73076923076923,23.08
2026-01-25,Mobile,Paid Search,Credit Card,16,16,2,215.8125,12.5
2026-01-25,Mobile,Paid Search,Fixed Deposit,8,8,2,306.25,25.0
2026-01-25,Mobile,Paid Search,Personal Loan,17,17,1,202.94117647058823,5.88
2026-01-25,Mobile,Paid Search,Savings Account,18,18,5,234.05555555555554,27.78
2026-01-25,Mobile,Referral,Credit Card,6,6,2,229.83333333333334,33.33
2026-01-25,Mobile,Referral,Fixed Deposit,3,3,1,223.33333333333334,33.33
2026-01-25,Mobile,Referral,Personal Loan,6,6,2,200.83333333333334,33.33
2026-01-25,Mobile,Referral,Savings Account,7,7,2,180.42857142857142,28.57
2026-01-25,Tablet,Direct,Personal Loan,2,2,0,55.5,0.0
2026-01-25,Tablet,Direct,Savings Account,1,1,0,272.0,0.0
2026-01-25,Tablet,Email,Credit Card,3,3,1,307.3333333333333,33.33
2026-01-25,Tablet,Email,Fixed Deposit,1,1,0,272.0,0.0
2026-01-25,Tablet,Email,Savings Account,1,1,0,259.0,0.0
2026-01-25,Tablet,Organic,Credit Card,2,2,0,254.0,0.0
2026-01-25,Tablet,Organic,Fixed Deposit,1,1,0,213.0,0.0
2026-01-25,Tablet,Organic,Savings Account,1,1,1,322.0,100.0
2026-01-25,Tablet,Paid Search,Credit Card,1,1,1,416.0,100.0
2026-01-25,Tablet,Paid Search,Fixed Deposit,3,3,0,256.3333333333333,0.0
2026-01-25,Tablet,Paid Search,Savings Account,1,1,0,385.0,0.0
2026-01-25,Tablet,Referral,Savings Account,1,1,1,368.0,100.0
2026-01-26,Desktop,Direct,Credit Card,5,5,1,236.6,20.0
2026-01-26,Desktop,Direct,Fixed Deposit,3,3,0,216.0,0.0
2026-01-26,Desktop,Direct,Personal Loan,2,2,0,117.0,0.0
2026-01-26,Desktop,Direct,Savings Account,6,6,1,261.0,16.67
2026-01-26,Desktop,Email,Credit Card,6,6,2,241.5,33.33
2026-01-26,Desktop,Email,Fixed Deposit,5,5,2,263.6,40.0
2026-01-26,Desktop,Email,Personal Loan,2,2,2,399.0,100.0
2026-01-26,Desktop,Email,Savings Account,3,3,2,337.0,66.67
2026-01-26,Desktop,Organic,Credit Card,9,9,2,275.55555555555554,22.22
2026-01-26,Desktop,Organic,Fixed Deposit,3,3,1,125.66666666666667,33.33
2026-01-26,Desktop,Organic,Personal Loan,4,4,2,309.25,50.0
2026-01-26,Desktop,Organic,Savings Account,10,10,4,214.4,40.0
2026-01-26,Desktop,Paid Search,Credit Card,5,5,0,187.6,0.0
2026-01-26,Desktop,Paid Search,Fixed Deposit,3,3,2,429.0,66.67
2026-01-26,Desktop,Paid Search,Personal Loan,4,4,1,226.5,25.0
2026-01-26,Desktop,Paid Search,Savings Account,6,6,2,246.33333333333334,33.33
2026-01-26,Desktop,Referral,Credit Card,3,3,0,242.0,0.0
2026-01-26,Desktop,Referral,Fixed Deposit,2,2,0,267.5,0.0
2026-01-26,Desktop,Referral,Personal Loan,1,1,0,76.0,0.0
2026-01-26,Desktop,Referral,Savings Account,5,5,1,215.4,20.0
2026-01-26,Mobile,Direct,Credit Card,20,20,8,300.35,40.0
2026-01-26,Mobile,Direct,Fixed Deposit,13,13,4,221.6153846153846,30.77
2026-01-26,Mobile,Direct,Personal Loan,18,18,4,193.94444444444446,22.22
2026-01-26,Mobile,Direct,Savings Account,24,24,9,235.5,37.5
2026-01-26,Mobile,Email,Credit Card,7,7,3,238.42857142857142,42.86
2026-01-26,Mobile,Email,Fixed Deposit,6,6,1,275.0,16.67
2026-01-26,Mobile,Email,Personal Loan,11,11,2,213.72727272727272,18.18
2026-01-26,Mobile,Email,Savings Account,10,10,3,239.4,30.0
2026-01-26,Mobile,Organic,Credit Card,14,14,1,187.57142857142858,7.14
2026-01-26,Mobile,Organic,Fixed Deposit,13,13,1,245.92307692307693,7.69
2026-01-26,Mobile,Organic,Personal Loan,24,24,3,218.79166666666666,12.5
2026-01-26,Mobile,Organic,Savings Account,17,17,7,279.70588235294116,41.18
2026-01-26,Mobile,Paid Search,Credit Card,18,18,2,240.5,11.11
2026-01-26,Mobile,Paid Search,Fixed Deposit,6,6,3,286.5,50.0
2026-01-26,Mobile,Paid Search,Personal Loan,10,10,2,199.4,20.0
2026-01-26,Mobile,Paid Search,Savings Account,9,9,1,176.88888888888889,11.11
2026-01-26,Mobile,Referral,Credit Card,1,1,0,231.0,0.0
2026-01-26,Mobile,Referral,Fixed Deposit,5,5,2,230.4,40.0
2026-01-26,Mobile,Referral,Personal Loan,2,2,0,206.0,0.0
2026-01-26,Mobile,Referral,Savings Account,3,3,1,213.0,33.33
2026-01-26,Tablet,Direct,Credit Card,2,2,1,483.5,50.0
2026-01-26,Tablet,Direct,Savings Account,1,1,1,504.0,100.0
2026-01-26,Tablet,Email,Credit Card,1,1,1,318.0,100.0
2026-01-26,Tablet,Email,Savings Account,1,1,0,166.0,0.0
2026-01-26,Tablet,Organic,Credit Card,4,4,0,179.75,0.0
2026-01-26,Tablet,Organic,Personal Loan,7,7,2,245.0,28.57
2026-01-26,Tablet,Organic,Savings Account,4,4,2,271.0,50.0
2026-01-26,Tablet,Paid Search,Credit Card,1,1,0,107.0,0.0
2026-01-26,Tablet,Paid Search,Fixed Deposit,1,1,1,277.0,100.0
2026-01-26,Tablet,Paid Search,Personal Loan,1,1,0,138.0,0.0
2026-01-26,Tablet,Paid Search,Savings Account,4,4,0,175.5,0.0
2026-01-26,Tablet,Referral,Personal Loan,1,1,1,361.0,100.0
2026-01-26,Tablet,Referral,Savings Account,1,1,0,188.0,0.0
2026-01-27,Desktop,Direct,Credit Card,11,11,3,288.09090909090907,27.27
2026-01-27,Desktop,Direct,Fixed Deposit,4,4,0,238.0,0.0
2026-01-27,Desktop,Direct,Personal Loan,3,3,0,242.0,0.0
2026-01-27,Desktop,Direct,Savings Account,5,5,2,197.8,40.0
2026-01-27,Desktop,Email,Credit Card,4,4,3,295.75,75.0
2026-01-27,Desktop,Email,Fixed Deposit,1,1,0,113.0,0.0
2026-01-27,Desktop,Email,Personal Loan,1,1,0,177.0,0.0
2026-01-27,Desktop,Email,Savings Account,7,7,1,125.14285714285714,14.29
2026-01-27,Desktop,Organic,Credit Card,14,14,2,235.78571428571428,14.29
2026-01-27,Desktop,Organic,Fixed Deposit,8,8,1,192.75,12.5
2026-01-27,Desktop,Organic,Personal Loan,5,5,1,225.0,20.0
2026-01-27,Desktop,Organic,Savings Account,7,7,3,166.14285714285714,42.86
2026-01-27,Desktop,Paid Search,Credit Card,5,5,2,318.2,40.0
2026-01-27,Desktop,Paid Search,Personal Loan,2,2,0,203.5,0.0
2026-01-27,Desktop,Paid Search,Savings Account,12,12,4,257.5833333333333,33.33
2026-01-27,Desktop,Referral,Credit Card,4,4,0,258.25,0.0
2026-01-27,Desktop,Referral,Fixed Deposit,2,2,0,303.5,0.0
2026-01-27,Desktop,Referral,Personal Loan,1,1,0,140.0,0.0
2026-01-27,Mobile,Direct,Credit Card,12,12,7,264.25,58.33
2026-01-27,Mobile,Direct,Fixed Deposit,6,6,0,224.83333333333334,0.0
2026-01-27,Mobile,Direct,Personal Loan,11,11,2,203.36363636363637,18.18
2026-01-27,Mobile,Direct,Savings Account,13,13,5,286.84615384615387,38.46
2026-01-27,Mobile,Email,Credit Card,5,5,1,237.6,20.0
2026-01-27,Mobile,Email,Fixed Deposit,5,5,2,269.6,40.0
2026-01-27,Mobile,Email,Personal Loan,5,5,2,329.4,40.0
2026-01-27,Mobile,Email,Savings Account,3,3,0,281.3333333333333,0.0
2026-01-27,Mobile,Organic,Credit Card,18,18,8,290.1666666666667,44.44
2026-01-27,Mobile,Organic,Fixed Deposit,16,16,2,200.25,12.5
2026-01-27,Mobile,Organic,Personal Loan,15,15,3,246.06666666666666,20.0
2026-01-27,Mobile,Organic,Savings Account,21,21,7,252.95238095238096,33.33
2026-01-27,Mobile,Paid Search,Credit Card,5,5,1,332.2,20.0
2026-01-27,Mobile,Paid Search,Fixed Deposit,4,4,2,212.75,50.0
2026-01-27,Mobile,Paid Search,Personal Loan,11,11,1,227.72727272727272,9.09
2026-01-27,Mobile,Paid Search,Savings Account,19,19,6,297.57894736842104,31.58
2026-01-27,Mobile,Referral,Credit Card,4,4,1,178.5,25.0
2026-01-27,Mobile,Referral,Fixed Deposit,5,5,2,277.2,40.0
2026-01-27,Mobile,Referral,Personal Loan,5,5,0,142.0,0.0
2026-01-27,Mobile,Referral,Savings Account,4,4,0,283.25,0.0
2026-01-27,Tablet,Direct,Personal Loan,1,1,1,407.0,100.0
2026-01-27,Tablet,Email,Credit Card,1,1,0,113.0,0.0
2026-01-27,Tablet,Email,Savings Account,1,1,0,298.0,0.0
2026-01-27,Tablet,Organic,Credit Card,4,4,1,285.75,25.0
2026-01-27,Tablet,Organic,Personal Loan,4,4,2,271.75,50.0
2026-01-27,Tablet,Organic,Savings Account,2,2,1,198.5,50.0
2026-01-27,Tablet,Paid Search,Credit Card,2,2,2,361.5,100.0
2026-01-27,Tablet,Paid Search,Fixed Deposit,1,1,0,292.0,0.0
2026-01-27,Tablet,Paid Search,Personal Loan,1,1,1,210.0,100.0
2026-01-27,Tablet,Referral,Personal Loan,1,1,0,126.0,0.0
2026-01-28,Desktop,Direct,Credit Card,8,8,1,214.5,12.5
2026-01-28,Desktop,Direct,Fixed Deposit,2,2,0,196.0,0.0
2026-01-28,Desktop,Direct,Personal Loan,6,6,2,207.5,33.33
2026-01-28,Desktop,Direct,Savings Account,9,9,3,266.6666666666667,33.33
2026-01-28,Desktop,Email,Credit Card,3,3,0,169.66666666666666,0.0
2026-01-28,Desktop,Email,Fixed Deposit,2,2,0,232.0,0.0
2026-01-28,Desktop,Email,Personal Loan,4,4,0,152.0,0.0
2026-01-28,Desktop,Email,Savings Account,8,8,3,289.625,37.5
2026-01-28,Desktop,Organic,Credit Card,11,11,3,264.72727272727275,27.27
2026-01-28,Desktop,Organic,Fixed Deposit,2,2,0,161.5,0.0
2026-01-28,Desktop,Organic,Personal Loan,3,3,1,267.3333333333333,33.33
2026-01-28,Desktop,Organic,Savings Account,5,5,3,305.2,60.0
2026-01-28,Desktop,Paid Search,Credit Card,7,7,1,200.14285714285714,14.29
2026-01-28,Desktop,Paid Search,Fixed Deposit,4,4,0,189.75,0.0
2026-01-28,Desktop,Paid Search,Personal Loan,7,7,1,166.28571428571428,14.29
2026-01-28,Desktop,Paid Search,Savings Account,9,9,2,195.55555555555554,22.22
2026-01-28,Desktop,Referral,Credit Card,3,3,0,188.33333333333334,0.0
2026-01-28,Desktop,Referral,Fixed Deposit,2,2,0,86.5,0.0
2026-01-28,Desktop,Referral,Personal Loan,1,1,1,263.0,100.0
2026-01-28,Desktop,Referral,Savings Account,5,5,2,284.0,40.0
2026-01-28,Mobile,Direct,Credit Card,21,21,4,262.9047619047619,19.05
2026-01-28,Mobile,Direct,Fixed Deposit,8,8,1,238.125,12.5
2026-01-28,Mobile,Direct,Personal Loan,10,10,2,220.9,20.0
2026-01-28,Mobile,Direct,Savings Account,22,22,10,261.8181818181818,45.45
2026-01-28,Mobile,Email,Credit Card,9,9,2,258.22222222222223,22.22
2026-01-28,Mobile,Email,Fixed Deposit,4,4,0,135.75,0.0
2026-01-28,Mobile,Email,Personal Loan,5,5,0,187.2,0.0
2026-01-28,Mobile,Email,Savings Account,9,9,1,149.77777777777777,11.11
2026-01-28,Mobile,Organic,Credit Card,20,20,2,235.5,10.0
2026-01-28,Mobile,Organic,Fixed Deposit,7,7,0,247.0,0.0
2026-01-28,Mobile,Organic,Personal Loan,13,13,0,203.53846153846155,0.0
2026-01-28,Mobile,Organic,Savings Account,22,22,6,258.8636363636364,27.27
2026-01-28,Mobile,Paid Search,Credit Card,19,19,3,213.89473684210526,15.79
2026-01-28,Mobile,Paid Search,Fixed Deposit,8,8,3,218.875,37.5
2026-01-28,Mobile,Paid Search,Personal Loan,18,18,7,281.0,38.89
2026-01-28,Mobile,Paid Search,Savings Account,17,17,6,243.05882352941177,35.29
2026-01-28,Mobile,Referral,Credit Card,4,4,1,230.75,25.0
2026-01-28,Mobile,Referral,Fixed Deposit,1,1,1,324.0,100.0
2026-01-28,Mobile,Referral,Personal Loan,7,7,1,215.42857142857142,14.29
2026-01-28,Mobile,Referral,Savings Account,8,8,3,270.875,37.5
2026-01-28,Tablet,Direct,Credit Card,3,3,0,170.33333333333334,0.0
2026-01-28,Tablet,Direct,Personal Loan,1,1,0,283.0,0.0
2026-01-28,Tablet,Direct,Savings Account,1,1,0,298.0,0.0
2026-01-28,Tablet,Organic,Credit Card,5,5,2,220.8,40.0
2026-01-28,Tablet,Organic,Fixed Deposit,2,2,0,189.5,0.0
2026-01-28,Tablet,Organic,Personal Loan,1,1,0,135.0,0.0
2026-01-28,Tablet,Organic,Savings Account,6,6,1,216.83333333333334,16.67
2026-01-28,Tablet,Paid Search,Fixed Deposit,1,1,0,142.0,0.0
2026-01-28,Tablet,Paid Search,Savings Account,2,2,0,263.0,0.0
2026-01-28,Tablet,Referral,Credit Card,2,2,0,98.0,0.0
2026-01-28,Tablet,Referral,Personal Loan,1,1,0,252.0,0.0
2026-01-29,Desktop,Direct,Credit Card,9,9,3,288.0,33.33
2026-01-29,Desktop,Direct,Fixed Deposit,4,4,1,269.25,25.0
2026-01-29,Desktop,Direct,Personal Loan,3,3,0,201.66666666666666,0.0
2026-01-29,Desktop,Direct,Savings Account,11,11,5,260.6363636363636,45.45
2026-01-29,Desktop,Email,Credit Card,3,3,2,267.0,66.67
2026-01-29,Desktop,Email,Fixed Deposit,2,2,1,294.5,50.0
2026-01-29,Desktop,Email,Personal Loan,3,3,0,296.6666666666667,0.0
2026-01-29,Desktop,Email,Savings Account,1,1,1,501.0,100.0
2026-01-29,Desktop,Organic,Credit Card,10,10,0,207.6,0.0
2026-01-29,Desktop,Organic,Fixed Deposit,3,3,1,163.66666666666666,33.33
2026-01-29,Desktop,Organic,Personal Loan,4,4,1,161.0,25.0
2026-01-29,Desktop,Organic,Savings Account,4,4,0,225.0,0.0
2026-01-29,Desktop,Paid Search,Credit Card,9,9,4,246.66666666666666,44.44
2026-01-29,Desktop,Paid Search,Personal Loan,5,5,1,211.2,20.0
2026-01-29,Desktop,Paid Search,Savings Account,7,7,1,197.0,14.29
2026-01-29,Desktop,Referral,Credit Card,6,6,4,194.5,66.67
2026-01-29,Desktop,Referral,Fixed Deposit,2,2,0,217.5,0.0
2026-01-29,Desktop,Referral,Personal Loan,5,5,1,184.6,20.0
2026-01-29,Desktop,Referral,Savings Account,2,2,0,187.0,0.0
2026-01-29,Mobile,Direct,Credit Card,19,19,2,214.47368421052633,10.53
2026-01-29,Mobile,Direct,Fixed Deposit,12,12,3,239.08333333333334,25.0
2026-01-29,Mobile,Direct,Personal Loan,15,15,5,214.13333333333333,33.33
2026-01-29,Mobile,Direct,Savings Account,18,18,5,198.5,27.78
2026-01-29,Mobile,Email,Credit Card,10,10,4,199.5,40.0
2026-01-29,Mobile,Email,Fixed Deposit,4,4,2,293.5,50.0
2026-01-29,Mobile,Email,Personal Loan,7,7,1,172.0,14.29
2026-01-29,Mobile,Email,Savings Account,14,14,4,227.5,28.57
2026-01-29,Mobile,Organic,Credit Card,28,28,6,230.92857142857142,21.43
2026-01-29,Mobile,Organic,Fixed Deposit,7,7,3,326.2857142857143,42.86
2026-01-29,Mobile,Organic,Personal Loan,17,17,6,216.0,35.29
2026-01-29,Mobile,Organic,Savings Account,21,21,9,293.0,42.86
2026-01-29,Mobile,Paid Search,Credit Card,12,12,1,245.25,8.33
2026-01-29,Mobile,Paid Search,Fixed Deposit,10,10,2,247.1,20.0
2026-01-29,Mobile,Paid Search,Personal Loan,6,6,0,174.66666666666666,0.0
2026-01-29,Mobile,Paid Search,Savings Account,20,20,2,187.75,10.0
2026-01-29,Mobile,Referral,Credit Card,8,8,2,240.0,25.0
2026-01-29,Mobile,Referral,Fixed Deposit,4,4,1,219.0,25.0
2026-01-29,Mobile,Referral,Personal Loan,2,2,0,203.5,0.0
2026-01-29,Mobile,Referral,Savings Account,4,4,1,287.75,25.0
2026-01-29,Tablet,Direct,Personal Loan,3,3,0,181.0,0.0
2026-01-29,Tablet,Direct,Savings Account,1,1,0,459.0,0.0
2026-01-29,Tablet,Email,Fixed Deposit,1,1,0,113.0,0.0
2026-01-29,Tablet,Email,Personal Loan,1,1,1,329.0,100.0
2026-01-29,Tablet,Email,Savings Account,1,1,1,270.0,100.0
2026-01-29,Tablet,Organic,Credit Card,1,1,0,143.0,0.0
2026-01-29,Tablet,Organic,Personal Loan,1,1,0,34.0,0.0
2026-01-29,Tablet,Organic,Savings Account,2,2,0,192.0,0.0
2026-01-29,Tablet,Paid Search,Credit Card,2,2,0,436.0,0.0
2026-01-29,Tablet,Paid Search,Fixed Deposit,1,1,0,117.0,0.0
2026-01-29,Tablet,Paid Search,Personal Loan,1,1,0,287.0,0.0
2026-01-29,Tablet,Paid Search,Savings Account,2,2,1,275.5,50.0
2026-01-29,Tablet,Referral,Fixed Deposit,1,1,0,214.0,0.0
2026-01-29,Tablet,Referral,Savings Account,1,1,0,223.0,0.0
2026-01-30,Desktop,Direct,Credit Card,7,7,4,298.0,57.14
2026-01-30,Desktop,Direct,Fixed Deposit,4,4,1,246.5,25.0
2026-01-30,Desktop,Direct,Personal Loan,6,6,0,133.16666666666666,0.0
2026-01-30,Desktop,Direct,Savings Account,5,5,2,282.4,40.0
2026-01-30,Desktop,Email,Credit Card,3,3,0,233.33333333333334,0.0
2026-01-30,Desktop,Email,Fixed Deposit,1,1,0,160.0,0.0
2026-01-30,Desktop,Email,Personal Loan,1,1,0,77.0,0.0
2026-01-30,Desktop,Email,Savings Account,3,3,2,341.3333333333333,66.67
2026-01-30,Desktop,Organic,Credit Card,5,5,1,280.8,20.0
2026-01-30,Desktop,Organic,Fixed Deposit,4,4,1,330.25,25.0
2026-01-30,Desktop,Organic,Personal Loan,2,2,1,255.5,50.0
2026-01-30,Desktop,Organic,Savings Account,8,8,2,343.5,25.0
2026-01-30,Desktop,Paid Search,Credit Card,7,7,1,186.28571428571428,14.29
2026-01-30,Desktop,Paid Search,Fixed Deposit,2,2,0,283.5,0.0
2026-01-30,Desktop,Paid Search,Personal Loan,10,10,3,182.0,30.0
2026-01-30,Desktop,Paid Search,Savings Account,4,4,1,184.25,25.0
2026-01-30,Desktop,Referral,Credit Card,2,2,1,367.5,50.0
2026-01-30,Desktop,Referral,Personal Loan,1,1,0,230.0,0.0
2026-01-30,Desktop,Referral,Savings Account,1,1,1,458.0,100.0
2026-01-30,Mobile,Direct,Credit Card,20,20,6,225.55,30.0
2026-01-30,Mobile,Direct,Fixed Deposit,7,7,1,218.14285714285714,14.29
2026-01-30,Mobile,Direct,Personal Loan,15,15,2,246.73333333333332,13.33
2026-01-30,Mobile,Direct,Savings Account,21,21,4,240.66666666666666,19.05
2026-01-30,Mobile,Email,Credit Card,10,10,2,189.9,20.0
2026-01-30,Mobile,Email,Fixed Deposit,2,2,1,185.5,50.0
2026-01-30,Mobile,Email,Personal Loan,5,5,3,236.2,60.0
2026-01-30,Mobile,Email,Savings Account,11,11,6,279.90909090909093,54.55
2026-01-30,Mobile,Organic,Credit Card,22,22,5,252.45454545454547,22.73
2026-01-30,Mobile,Organic,Fixed Deposit,4,4,1,200.75,25.0
2026-01-30,Mobile,Organic,Personal Loan,17,17,2,208.64705882352942,11.76
2026-01-30,Mobile,Organic,Savings Account,23,23,4,179.69565217391303,17.39
2026-01-30,Mobile,Paid Search,Credit Card,18,18,5,237.22222222222223,27.78
2026-01-30,Mobile,Paid Search,Fixed Deposit,4,4,2,238.75,50.0
2026-01-30,Mobile,Paid Search,Personal Loan,10,10,4,273.2,40.0
2026-01-30,Mobile,Paid Search,Savings Account,7,7,1,199.71428571428572,14.29
2026-01-30,Mobile,Referral,Credit Card,5,5,0,356.0,0.0
2026-01-30,Mobile,Referral,Fixed Deposit,4,4,0,204.75,0.0
2026-01-30,Mobile,Referral,Personal Loan,5,5,0,242.6,0.0
2026-01-30,Mobile,Referral,Savings Account,11,11,3,213.1818181818182,27.27
2026-01-30,Tablet,Direct,Credit Card,1,1,0,447.0,0.0
2026-01-30,Tablet,Direct,Fixed Deposit,1,1,1,258.0,100.0
2026-01-30,Tablet,Direct,Personal Loan,1,1,0,148.0,0.0
2026-01-30,Tablet,Direct,Savings Account,2,2,0,248.5,0.0
2026-01-30,Tablet,Email,Personal Loan,1,1,0,98.0,0.0
2026-01-30,Tablet,Organic,Credit Card,2,2,1,148.0,50.0
2026-01-30,Tablet,Organic,Fixed Deposit,1,1,0,208.0,0.0
2026-01-30,Tablet,Organic,Personal Loan,2,2,0,188.5,0.0
2026-01-30,Tablet,Organic,Savings Account,2,2,0,190.0,0.0
2026-01-30,Tablet,Paid Search,Credit Card,1,1,1,383.0,100.0
2026-01-30,Tablet,Paid Search,Personal Loan,1,1,0,243.0,0.0
2026-01-30,Tablet,Paid Search,Savings Account,3,3,0,275.0,0.0
2026-01-30,Tablet,Referral,Savings Account,1,1,0,127.0,0.0
2026-01-31,Desktop,Direct,Credit Card,7,7,2,261.85714285714283,28.57
2026-01-31,Desktop,Direct,Fixed Deposit,9,9,2,242.22222222222223,22.22
2026-01-31,Desktop,Direct,Personal Loan,7,7,1,186.28571428571428,14.29
2026-01-31,Desktop,Direct,Savings Account,5,5,2,198.8,40.0
2026-01-31,Desktop,Email,Credit Card,5,5,1,184.4,20.0
2026-01-31,Desktop,Email,Fixed Deposit,2,2,0,144.0,0.0
2026-01-31,Desktop,Email,Personal Loan,2,2,2,196.0,100.0
2026-01-31,Desktop,Email,Savings Account,3,3,2,414.3333333333333,66.67
2026-01-31,Desktop,Organic,Credit Card,17,17,4,195.52941176470588,23.53
2026-01-31,Desktop,Organic,Fixed Deposit,4,4,0,177.25,0.0
2026-01-31,Desktop,Organic,Personal Loan,3,3,1,225.33333333333334,33.33
2026-01-31,Desktop,Organic,Savings Account,11,11,4,254.0909090909091,36.36
2026-01-31,Desktop,Paid Search,Credit Card,6,6,2,226.83333333333334,33.33
2026-01-31,Desktop,Paid Search,Fixed Deposit,4,4,2,272.75,50.0
2026-01-31,Desktop,Paid Search,Personal Loan,6,6,1,240.33333333333334,16.67
2026-01-31,Desktop,Paid Search,Savings Account,7,7,2,257.57142857142856,28.57
2026-01-31,Desktop,Referral,Fixed Deposit,1,1,1,301.0,100.0
2026-01-31,Desktop,Referral,Personal Loan,4,4,0,122.5,0.0
2026-01-31,Desktop,Referral,Savings Account,2,2,2,489.5,100.0
2026-01-31,Mobile,Direct,Credit Card,17,17,4,252.35294117647058,23.53
2026-01-31,Mobile,Direct,Fixed Deposit,10,10,3,232.9,30.0
2026-01-31,Mobile,Direct,Personal Loan,14,14,2,205.42857142857142,14.29
2026-01-31,Mobile,Direct,Savings Account,24,24,4,217.41666666666666,16.67
2026-01-31,Mobile,Email,Credit Card,12,12,4,225.33333333333334,33.33
2026-01-31,Mobile,Email,Fixed Deposit,3,3,0,127.66666666666667,0.0
2026-01-31,Mobile,Email,Personal Loan,9,9,3,227.11111111111111,33.33
2026-01-31,Mobile,Email,Savings Account,4,4,1,261.0,25.0
2026-01-31,Mobile,Organic,Credit Card,21,21,3,235.57142857142858,14.29
2026-01-31,Mobile,Organic,Fixed Deposit,9,9,2,259.0,22.22
2026-01-31,Mobile,Organic,Personal Loan,19,19,5,243.3684210526316,26.32
2026-01-31,Mobile,Organic,Savings Account,16,16,6,267.9375,37.5
2026-01-31,Mobile,Paid Search,Credit Card,17,17,5,243.41176470588235,29.41
2026-01-31,Mobile,Paid Search,Fixed Deposit,10,10,1,183.1,10.0
2026-01-31,Mobile,Paid Search,Personal Loan,19,19,4,239.31578947368422,21.05
2026-01-31,Mobile,Paid Search,Savings Account,11,11,2,180.54545454545453,18.18
2026-01-31,Mobile,Referral,Credit Card,10,10,1,209.0,10.0
2026-01-31,Mobile,Referral,Fixed Deposit,2,2,1,351.5,50.0
2026-01-31,Mobile,Referral,Personal Loan,4,4,0,150.75,0.0
2026-01-31,Mobile,Referral,Savings Account,5,5,0,123.6,0.0
2026-01-31,Tablet,Direct,Credit Card,1,1,1,349.0,100.0
2026-01-31,Tablet,Direct,Personal Loan,1,1,0,317.0,0.0
2026-01-31,Tablet,Direct,Savings Account,1,1,0,286.0,0.0
2026-01-31,Tablet,Email,Credit Card,2,2,1,259.5,50.0
2026-01-31,Tablet,Email,Savings Account,2,2,0,253.0,0.0
2026-01-31,Tablet,Organic,Credit Card,2,2,0,170.0,0.0
2026-01-31,Tablet,Organic,Personal Loan,1,1,0,76.0,0.0
2026-01-31,Tablet,Organic,Savings Account,3,3,1,145.0,33.33
2026-01-31,Tablet,Paid Search,Credit Card,1,1,1,272.0,100.0
2026-01-31,Tablet,Paid Search,Fixed Deposit,1,1,1,370.0,100.0
2026-01-31,Tablet,Paid Search,Personal Loan,1,1,0,344.0,0.0
2026-01-31,Tablet,Paid Search,Savings Account,2,2,1,317.0,50.0
2026-01-31,Tablet,Referral,Personal Loan,1,1,0,147.0,0.0
2026-01-31,Tablet,Referral,Savings Account,1,1,0,299.0,0.0
2026-02-01,Desktop,Direct,Credit Card,6,6,1,285.0,16.67
2026-02-01,Desktop,Direct,Fixed Deposit,3,3,2,294.6666666666667,66.67
2026-02-01,Desktop,Direct,Personal Loan,5,5,1,275.4,20.0
2026-02-01,Desktop,Direct,Savings Account,3,3,2,325.0,66.67
2026-02-01,Desktop,Email,Credit Card,6,6,1,183.66666666666666,16.67
2026-02-01,Desktop,Email,Fixed Deposit,1,1,0,198.0,0.0
2026-02-01,Desktop,Email,Personal Loan,2,2,0,175.0,0.0
2026-02-01,Desktop,Email,Savings Account,5,5,2,222.6,40.0
2026-02-01,Desktop,Organic,Credit Card,12,12,2,190.41666666666666,16.67
2026-02-01,Desktop,Organic,Fixed Deposit,4,4,0,112.75,0.0
2026-02-01,Desktop,Organic,Personal Loan,5,5,0,273.0,0.0
2026-02-01,Desktop,Organic,Savings Account,15,15,8,329.73333333333335,53.33
2026-02-01,Desktop,Paid Search,Credit Card,8,8,3,288.125,37.5
2026-02-01,Desktop,Paid Search,Fixed Deposit,5,5,1,164.0,20.0
2026-02-01,Desktop,Paid Search,Personal Loan,2,2,0,245.5,0.0
2026-02-01,Desktop,Paid Search,Savings Account,8,8,2,251.75,25.0
2026-02-01,Desktop,Referral,Credit Card,1,1,0,302.0,0.0
2026-02-01,Desktop,Referral,Fixed Deposit,2,2,0,159.0,0.0
2026-02-01,Desktop,Referral,Personal Loan,3,3,0,199.0,0.0
2026-02-01,Desktop,Referral,Savings Account,7,7,1,211.42857142857142,14.29
2026-02-01,Mobile,Direct,Credit Card,21,21,7,252.76190476190476,33.33
2026-02-01,Mobile,Direct,Fixed Deposit,8,8,1,160.5,12.5
2026-02-01,Mobile,Direct,Personal Loan,14,14,1,192.85714285714286,7.14
2026-02-01,Mobile,Direct,Savings Account,20,20,6,227.0,30.0
2026-02-01,Mobile,Email,Credit Card,7,7,3,283.2857142857143,42.86
2026-02-01,Mobile,Email,Fixed Deposit,6,6,0,160.33333333333334,0.0
2026-02-01,Mobile,Email,Personal Loan,5,5,1,254.6,20.0
2026-02-01,Mobile,Email,Savings Account,5,5,1,239.2,20.0
2026-02-01,Mobile,Organic,Credit Card,24,24,6,260.75,25.0
2026-02-01,Mobile,Organic,Fixed Deposit,11,11,4,255.72727272727272,36.36
2026-02-01,Mobile,Organic,Personal Loan,12,12,3,246.08333333333334,25.0
2026-02-01,Mobile,Organic,Savings Account,27,27,7,240.22222222222223,25.93
2026-02-01,Mobile,Paid Search,Credit Card,15,15,2,200.86666666666667,13.33
2026-02-01,Mobile,Paid Search,Fixed Deposit,7,7,1,281.7142857142857,14.29
2026-02-01,Mobile,Paid Search,Personal Loan,8,8,2,211.75,25.0
2026-02-01,Mobile,Paid Search,Savings Account,14,14,5,244.07142857142858,35.71
2026-02-01,Mobile,Referral,Credit Card,4,4,1,249.5,25.0
2026-02-01,Mobile,Referral,Personal Loan,4,4,1,237.5,25.0
2026-02-01,Mobile,Referral,Savings Account,3,3,0,189.66666666666666,0.0
2026-02-01,Tablet,Direct,Savings Account,3,3,0,198.66666666666666,0.0
2026-02-01,Tablet,Email,Savings Account,1,1,1,255.0,100.0
2026-02-01,Tablet,Organic,Credit Card,4,4,1,270.0,25.0
2026-02-01,Tablet,Organic,Fixed Deposit,1,1,0,326.0,0.0
2026-02-01,Tablet,Organic,Savings Account,1,1,0,81.0,0.0
2026-02-01,Tablet,Paid Search,Personal Loan,1,1,0,296.0,0.0
2026-02-01,Tablet,Paid Search,Savings Account,4,4,2,312.25,50.0
2026-02-01,Tablet,Referral,Fixed Deposit,1,1,0,269.0,0.0
2026-02-02,Desktop,Direct,Credit Card,8,8,3,278.125,37.5
2026-02-02,Desktop,Direct,Fixed Deposit,3,3,2,292.0,66.67
2026-02-02,Desktop,Direct,Personal Loan,4,4,2,205.25,50.0
2026-02-02,Desktop,Direct,Savings Account,6,6,1,241.83333333333334,16.67
2026-02-02,Desktop,Email,Credit Card,3,3,0,150.0,0.0
2026-02-02,Desktop,Email,Personal Loan,4,4,2,274.25,50.0
2026-02-02,Desktop,Email,Savings Account,3,3,2,290.6666666666667,66.67
2026-02-02,Desktop,Organic,Credit Card,9,9,2,193.66666666666666,22.22
2026-02-02,Desktop,Organic,Fixed Deposit,4,4,0,122.75,0.0
2026-02-02,Desktop,Organic,Personal Loan,9,9,4,268.6666666666667,44.44
2026-02-02,Desktop,Organic,Savings Account,12,12,3,224.75,25.0
2026-02-02,Desktop,Paid Search,Credit Card,7,7,2,250.85714285714286,28.57
2026-02-02,Desktop,Paid Search,Fixed Deposit,2,2,1,250.5,50.0
2026-02-02,Desktop,Paid Search,Personal Loan,2,2,0,127.0,0.0
2026-02-02,Desktop,Paid Search,Savings Account,8,8,3,345.5,37.5
2026-02-02,Desktop,Referral,Credit Card,1,1,0,426.0,0.0
2026-02-02,Desktop,Referral,Fixed Deposit,1,1,1,296.0,100.0
2026-02-02,Desktop,Referral,Personal Loan,4,4,1,202.75,25.0
2026-02-02,Desktop,Referral,Savings Account,1,1,0,178.0,0.0
2026-02-02,Mobile,Direct,Credit Card,18,18,4,282.6666666666667,22.22
2026-02-02,Mobile,Direct,Fixed Deposit,6,6,2,259.5,33.33
2026-02-02,Mobile,Direct,Personal Loan,6,6,0,190.83333333333334,0.0
2026-02-02,Mobile,Direct,Savings Account,19,19,4,201.47368421052633,21.05
2026-02-02,Mobile,Email,Credit Card,6,6,2,260.6666666666667,33.33
2026-02-02,Mobile,Email,Fixed Deposit,3,3,1,172.66666666666666,33.33
2026-02-02,Mobile,Email,Personal Loan,7,7,2,177.57142857142858,28.57
2026-02-02,Mobile,Email,Savings Account,7,7,1,179.14285714285714,14.29
2026-02-02,Mobile,Organic,Credit Card,23,23,9,266.3478260869565,39.13
2026-02-02,Mobile,Organic,Fixed Deposit,10,10,1,175.4,10.0
2026-02-02,Mobile,Organic,Personal Loan,25,25,3,212.56,12.0
2026-02-02,Mobile,Organic,Savings Account,18,18,6,256.72222222222223,33.33
2026-02-02,Mobile,Paid Search,Credit Card,12,12,1,169.33333333333334,8.33
2026-02-02,Mobile,Paid Search,Fixed Deposit,5,5,0,207.6,0.0
2026-02-02,Mobile,Paid Search,Personal Loan,8,8,2,309.5,25.0
2026-02-02,Mobile,Paid Search,Savings Account,11,11,2,220.45454545454547,18.18
2026-02-02,Mobile,Referral,Credit Card,9,9,0,212.33333333333334,0.0
2026-02-02,Mobile,Referral,Fixed Deposit,4,4,0,234.5,0.0
2026-02-02,Mobile,Referral,Personal Loan,4,4,1,170.0,25.0
2026-02-02,Mobile,Referral,Savings Account,12,12,2,253.0,16.67
2026-02-02,Tablet,Direct,Credit Card,1,1,0,301.0,0.0
2026-02-02,Tablet,Direct,Fixed Deposit,1,1,0,233.0,0.0
2026-02-02,Tablet,Direct,Savings Account,2,2,0,261.0,0.0
2026-02-02,Tablet,Organic,Personal Loan,1,1,1,306.0,100.0
2026-02-02,Tablet,Organic,Savings Account,2,2,0,301.0,0.0
2026-02-02,Tablet,Paid Search,Credit Card,4,4,1,285.5,25.0
2026-02-02,Tablet,Paid Search,Savings Account,2,2,0,175.5,0.0
2026-02-02,Tablet,Referral,Credit Card,2,2,0,143.5,0.0
2026-02-02,Tablet,Referral,Savings Account,2,2,0,210.0,0.0
2026-02-03,Desktop,Direct,Credit Card,6,6,2,269.3333333333333,33.33
2026-02-03,Desktop,Direct,Fixed Deposit,2,2,1,309.0,50.0
2026-02-03,Desktop,Direct,Personal Loan,9,9,2,232.0,22.22
2026-02-03,Desktop,Direct,Savings Account,8,8,3,319.75,37.5
2026-02-03,Desktop,Email,Credit Card,7,7,5,262.0,71.43
2026-02-03,Desktop,Email,Personal Loan,4,4,2,392.5,50.0
2026-02-03,Desktop,Email,Savings Account,7,7,4,225.42857142857142,57.14
2026-02-03,Desktop,Organic,Credit Card,12,12,5,291.5833333333333,41.67
2026-02-03,Desktop,Organic,Fixed Deposit,7,7,2,195.0,28.57
2026-02-03,Desktop,Organic,Personal Loan,10,10,4,290.4,40.0
2026-02-03,Desktop,Organic,Savings Account,12,12,4,186.75,33.33
2026-02-03,Desktop,Paid Search,Credit Card,7,7,3,268.57142857142856,42.86
2026-02-03,Desktop,Paid Search,Fixed Deposit,4,4,0,69.75,0.0
2026-02-03,Desktop,Paid Search,Personal Loan,4,4,0,313.5,0.0
2026-02-03,Desktop,Paid Search,Savings Account,5,5,1,204.0,20.0
2026-02-03,Desktop,Referral,Credit Card,3,3,0,232.33333333333334,0.0
2026-02-03,Desktop,Referral,Fixed Deposit,3,3,1,315.6666666666667,33.33
2026-02-03,Mobile,Direct,Credit Card,15,15,3,242.53333333333333,20.0
2026-02-03,Mobile,Direct,Fixed Deposit,8,8,0,212.75,0.0
2026-02-03,Mobile,Direct,Personal Loan,12,12,1,174.0,8.33
2026-02-03,Mobile,Direct,Savings Account,10,10,2,158.5,20.0
2026-02-03,Mobile,Email,Credit Card,5,5,1,170.8,20.0
2026-02-03,Mobile,Email,Fixed Deposit,2,2,1,147.5,50.0
2026-02-03,Mobile,Email,Personal Loan,5,5,0,232.4,0.0
2026-02-03,Mobile,Email,Savings Account,10,10,5,269.6,50.0
2026-02-03,Mobile,Organic,Credit Card,14,14,3,190.42857142857142,21.43
2026-02-03,Mobile,Organic,Fixed Deposit,11,11,5,278.6363636363636,45.45
2026-02-03,Mobile,Organic,Personal Loan,16,16,1,232.875,6.25
2026-02-03,Mobile,Organic,Savings Account,22,22,3,195.95454545454547,13.64
2026-02-03,Mobile,Paid Search,Credit Card,14,14,3,278.7142857142857,21.43
2026-02-03,Mobile,Paid Search,Fixed Deposit,10,10,0,271.2,0.0
2026-02-03,Mobile,Paid Search,Personal Loan,10,10,5,241.4,50.0
2026-02-03,Mobile,Paid Search,Savings Account,12,12,8,269.5833333333333,66.67
2026-02-03,Mobile,Referral,Credit Card,8,8,2,267.875,25.0
2026-02-03,Mobile,Referral,Fixed Deposit,1,1,0,188.0,0.0
2026-02-03,Mobile,Referral,Personal Loan,2,2,1,294.5,50.0
2026-02-03,Mobile,Referral,Savings Account,4,4,2,273.5,50.0
2026-02-03,Tablet,Direct,Fixed Deposit,2,2,1,295.0,50.0
2026-02-03,Tablet,Direct,Personal Loan,2,2,0,58.0,0.0
2026-02-03,Tablet,Direct,Savings Account,1,1,0,87.0,0.0
2026-02-03,Tablet,Email,Credit Card,2,2,0,310.0,0.0
2026-02-03,Tablet,Email,Savings Account,1,1,0,87.0,0.0
2026-02-03,Tablet,Organic,Credit Card,1,1,1,189.0,100.0
2026-02-03,Tablet,Organic,Fixed Deposit,1,1,0,100.0,0.0
2026-02-03,Tablet,Organic,Savings Account,3,3,0,214.33333333333334,0.0
2026-02-03,Tablet,Paid Search,Credit Card,1,1,0,193.0,0.0
2026-02-03,Tablet,Paid Search,Fixed Deposit,1,1,1,381.0,100.0
2026-02-03,Tablet,Paid Search,Personal Loan,1,1,1,357.0,100.0
2026-02-03,Tablet,Paid Search,Savings Account,1,1,0,33.0,0.0
2026-02-04,Desktop,Direct,Credit Card,13,13,4,258.38461538461536,30.77
2026-02-04,Desktop,Direct,Fixed Deposit,5,5,3,312.4,60.0
2026-02-04,Desktop,Direct,Personal Loan,3,3,1,216.33333333333334,33.33
2026-02-04,Desktop,Direct,Savings Account,6,6,1,218.66666666666666,16.67
2026-02-04,Desktop,Email,Credit Card,1,1,0,102.0,0.0
2026-02-04,Desktop,Email,Fixed Deposit,1,1,1,276.0,100.0
2026-02-04,Desktop,Email,Personal Loan,2,2,1,250.5,50.0
2026-02-04,Desktop,Email,Savings Account,1,1,1,332.0,100.0
2026-02-04,Desktop,Organic,Credit Card,16,16,1,249.6875,6.25
2026-02-04,Desktop,Organic,Fixed Deposit,5,5,0,80.0,0.0
2026-02-04,Desktop,Organic,Personal Loan,7,7,0,297.42857142857144,0.0
2026-02-04,Desktop,Organic,Savings Account,11,11,1,197.63636363636363,9.09
2026-02-04,Desktop,Paid Search,Credit Card,5,5,2,225.8,40.0
2026-02-04,Desktop,Paid Search,Fixed Deposit,7,7,2,214.85714285714286,28.57
2026-02-04,Desktop,Paid Search,Personal Loan,5,5,1,271.8,20.0
2026-02-04,Desktop,Paid Search,Savings Account,12,12,4,275.0833333333333,33.33
2026-02-04,Desktop,Referral,Credit Card,2,2,1,189.5,50.0
2026-02-04,Desktop,Referral,Fixed Deposit,3,3,1,239.0,33.33
2026-02-04,Desktop,Referral,Personal Loan,1,1,0,160.0,0.0
2026-02-04,Desktop,Referral,Savings Account,3,3,0,189.33333333333334,0.0
2026-02-04,Mobile,Direct,Credit Card,15,15,3,228.26666666666668,20.0
2026-02-04,Mobile,Direct,Fixed Deposit,9,9,2,243.55555555555554,22.22
2026-02-04,Mobile,Direct,Personal Loan,4,4,1,295.5,25.0
2026-02-04,Mobile,Direct,Savings Account,13,13,7,305.7692307692308,53.85
2026-02-04,Mobile,Email,Credit Card,5,5,1,244.8,20.0
2026-02-04,Mobile,Email,Fixed Deposit,3,3,1,289.0,33.33
2026-02-04,Mobile,Email,Personal Loan,5,5,2,201.2,40.0
2026-02-04,Mobile,Email,Savings Account,6,6,1,315.6666666666667,16.67
2026-02-04,Mobile,Organic,Credit Card,19,19,5,240.8421052631579,26.32
2026-02-04,Mobile,Organic,Fixed Deposit,15,15,5,233.13333333333333,33.33
2026-02-04,Mobile,Organic,Personal Loan,12,12,2,224.83333333333334,16.67
2026-02-04,Mobile,Organic,Savings Account,17,17,4,227.58823529411765,23.53
2026-02-04,Mobile,Paid Search,Credit Card,9,9,2,233.44444444444446,22.22
2026-02-04,Mobile,Paid Search,Fixed Deposit,13,13,2,248.23076923076923,15.38
2026-02-04,Mobile,Paid Search,Personal Loan,7,7,2,197.14285714285714,28.57
2026-02-04,Mobile,Paid Search,Savings Account,11,11,0,177.0909090909091,0.0
2026-02-04,Mobile,Referral,Credit Card,4,4,1,208.0,25.0
2026-02-04,Mobile,Referral,Fixed Deposit,5,5,0,255.2,0.0
2026-02-04,Mobile,Referral,Personal Loan,5,5,2,297.2,40.0
2026-02-04,Mobile,Referral,Savings Account,2,2,0,185.0,0.0
2026-02-04,Tablet,Direct,Credit Card,1,1,0,318.0,0.0
2026-02-04,Tablet,Direct,Personal Loan,1,1,1,493.0,100.0
2026-02-04,Tablet,Direct,Savings Account,1,1,0,283.0,0.0
2026-02-04,Tablet,Email,Savings Account,2,2,0,125.5,0.0
2026-02-04,Tablet,Organic,Credit Card,4,4,0,184.25,0.0
2026-02-04,Tablet,Organic,Fixed Deposit,1,1,0,124.0,0.0
2026-02-04,Tablet,Organic,Personal Loan,1,1,0,72.0,0.0
2026-02-04,Tablet,Paid Search,Fixed Deposit,3,3,1,243.0,33.33
2026-02-04,Tablet,Paid Search,Personal Loan,1,1,0,202.0,0.0
2026-02-04,Tablet,Referral,Personal Loan,2,2,0,188.5,0.0
2026-02-04,Tablet,Referral,Savings Account,1,1,0,51.0,0.0
2026-02-05,Desktop,Direct,Credit Card,9,9,4,268.0,44.44
2026-02-05,Desktop,Direct,Fixed Deposit,3,3,2,233.66666666666666,66.67
2026-02-05,Desktop,Direct,Personal Loan,4,4,1,286.5,25.0
2026-02-05,Desktop,Direct,Savings Account,3,3,2,302.3333333333333,66.67
2026-02-05,Desktop,Email,Credit Card,3,3,1,260.0,33.33
2026-02-05,Desktop,Email,Fixed Deposit,2,2,1,313.5,50.0
2026-02-05,Desktop,Email,Personal Loan,3,3,0,229.66666666666666,0.0
2026-02-05,Desktop,Email,Savings Account,1,1,0,204.0,0.0
2026-02-05,Desktop,Organic,Credit Card,13,13,4,236.3846153846154,30.77
2026-02-05,Desktop,Organic,Fixed Deposit,3,3,0,200.33333333333334,0.0
2026-02-05,Desktop,Organic,Personal Loan,12,12,3,256.0,25.0
2026-02-05,Desktop,Organic,Savings Account,11,11,5,284.3636363636364,45.45
2026-02-05,Desktop,Paid Search,Credit Card,2,2,1,179.5,50.0
2026-02-05,Desktop,Paid Search,Fixed Deposit,5,5,1,311.4,20.0
2026-02-05,Desktop,Paid Search,Personal Loan,8,8,2,228.375,25.0
2026-02-05,Desktop,Paid Search,Savings Account,9,9,1,136.66666666666666,11.11
2026-02-05,Desktop,Referral,Credit Card,3,3,2,401.3333333333333,66.67
2026-02-05,Desktop,Referral,Personal Loan,2,2,0,215.0,0.0
2026-02-05,Desktop,Referral,Savings Account,4,4,2,302.0,50.0
2026-02-05,Mobile,Direct,Credit Card,17,17,3,222.35294117647058,17.65
2026-02-05,Mobile,Direct,Fixed Deposit,9,9,2,316.3333333333333,22.22
2026-02-05,Mobile,Direct,Personal Loan,9,9,2,261.0,22.22
2026-02-05,Mobile,Direct,Savings Account,23,23,7,240.04347826086956,30.43
2026-02-05,Mobile,Email,Credit Card,4,4,1,203.0,25.0
2026-02-05,Mobile,Email,Personal Loan,6,6,1,273.5,16.67
2026-02-05,Mobile,Email,Savings Account,8,8,2,202.375,25.0
2026-02-05,Mobile,Organic,Credit Card,13,13,3,233.07692307692307,23.08
2026-02-05,Mobile,Organic,Fixed Deposit,7,7,2,266.42857142857144,28.57
2026-02-05,Mobile,Organic,Personal Loan,18,18,4,237.61111111111111,22.22
2026-02-05,Mobile,Organic,Savings Account,19,19,2,279.36842105263156,10.53
2026-02-05,Mobile,Paid Search,Credit Card,14,14,1,230.64285714285714,7.14
2026-02-05,Mobile,Paid Search,Fixed Deposit,3,3,1,420.6666666666667,33.33
2026-02-05,Mobile,Paid Search,Personal Loan,10,10,2,195.5,20.0
2026-02-05,Mobile,Paid Search,Savings Account,19,19,8,259.3157894736842,42.11
2026-02-05,Mobile,Referral,Credit Card,3,3,1,278.0,33.33
2026-02-05,Mobile,Referral,Fixed Deposit,1,1,0,94.0,0.0
2026-02-05,Mobile,Referral,Personal Loan,5,5,0,187.6,0.0
2026-02-05,Mobile,Referral,Savings Account,3,3,3,292.3333333333333,100.0
2026-02-05,Tablet,Direct,Credit Card,1,1,0,287.0,0.0
2026-02-05,Tablet,Direct,Fixed Deposit,1,1,0,234.0,0.0
2026-02-05,Tablet,Direct,Personal Loan,2,2,0,88.5,0.0
2026-02-05,Tablet,Direct,Savings Account,3,3,3,389.6666666666667,100.0
2026-02-05,Tablet,Email,Fixed Deposit,1,1,0,255.0,0.0
2026-02-05,Tablet,Email,Personal Loan,2,2,1,241.5,50.0
2026-02-05,Tablet,Organic,Credit Card,4,4,0,200.0,0.0
2026-02-05,Tablet,Organic,Personal Loan,1,1,0,54.0,0.0
2026-02-05,Tablet,Organic,Savings Account,5,5,0,283.6,0.0
2026-02-05,Tablet,Paid Search,Credit Card,2,2,1,336.0,50.0
2026-02-05,Tablet,Paid Search,Personal Loan,1,1,0,81.0,0.0
2026-02-05,Tablet,Referral,Credit Card,1,1,0,116.0,0.0
2026-02-05,Tablet,Referral,Savings Account,1,1,0,84.0,0.0
2026-02-06,Desktop,Direct,Credit Card,6,6,2,218.66666666666666,33.33
2026-02-06,Desktop,Direct,Fixed Deposit,2,2,2,536.0,100.0
2026-02-06,Desktop,Direct,Personal Loan,5,5,2,249.0,40.0
2026-02-06,Desktop,Direct,Savings Account,7,7,2,230.0,28.57
2026-02-06,Desktop,Email,Credit Card,3,3,0,114.0,0.0
2026-02-06,Desktop,Email,Personal Loan,4,4,1,249.5,25.0
2026-02-06,Desktop,Email,Savings Account,2,2,2,293.5,100.0
2026-02-06,Desktop,Organic,Credit Card,7,7,2,218.14285714285714,28.57
2026-02-06,Desktop,Organic,Fixed Deposit,3,3,0,205.66666666666666,0.0
2026-02-06,Desktop,Organic,Personal Loan,6,6,1,208.16666666666666,16.67
2026-02-06,Desktop,Organic,Savings Account,10,10,4,229.4,40.0
2026-02-06,Desktop,Paid Search,Credit Card,3,3,0,196.66666666666666,0.0
2026-02-06,Desktop,Paid Search,Fixed Deposit,1,1,0,154.0,0.0
2026-02-06,Desktop,Paid Search,Personal Loan,3,3,1,238.66666666666666,33.33
2026-02-06,Desktop,Paid Search,Savings Account,9,9,3,248.44444444444446,33.33
2026-02-06,Desktop,Referral,Credit Card,4,4,0,237.75,0.0
2026-02-06,Desktop,Referral,Fixed Deposit,3,3,0,174.0,0.0
2026-02-06,Desktop,Referral,Savings Account,2,2,1,159.5,50.0
2026-02-06,Mobile,Direct,Credit Card,21,21,6,207.57142857142858,28.57
2026-02-06,Mobile,Direct,Fixed Deposit,7,7,3,257.7142857142857,42.86
2026-02-06,Mobile,Direct,Personal Loan,13,13,2,216.46153846153845,15.38
2026-02-06,Mobile,Direct,Savings Account,16,16,5,321.1875,31.25
2026-02-06,Mobile,Email,Credit Card,10,10,2,235.9,20.0
2026-02-06,Mobile,Email,Fixed Deposit,4,4,2,262.75,50.0
2026-02-06,Mobile,Email,Personal Loan,6,6,2,256.5,33.33
2026-02-06,Mobile,Email,Savings Account,11,11,5,285.09090909090907,45.45
2026-02-06,Mobile,Organic,Credit Card,21,21,3,236.85714285714286,14.29
2026-02-06,Mobile,Organic,Fixed Deposit,6,6,0,266.6666666666667,0.0
2026-02-06,Mobile,Organic,Personal Loan,11,11,3,198.63636363636363,27.27
2026-02-06,Mobile,Organic,Savings Account,24,24,4,195.625,16.67
2026-02-06,Mobile,Paid Search,Credit Card,21,21,4,193.95238095238096,19.05
2026-02-06,Mobile,Paid Search,Fixed Deposit,6,6,0,139.5,0.0
2026-02-06,Mobile,Paid Search,Personal Loan,12,12,3,248.25,25.0
2026-02-06,Mobile,Paid Search,Savings Account,17,17,8,241.2941176470588,47.06
2026-02-06,Mobile,Referral,Credit Card,5,5,3,291.8,60.0
2026-02-06,Mobile,Referral,Fixed Deposit,1,1,0,114.0,0.0
2026-02-06,Mobile,Referral,Personal Loan,2,2,0,267.0,0.0
2026-02-06,Mobile,Referral,Savings Account,2,2,0,207.5,0.0
2026-02-06,Tablet,Direct,Credit Card,1,1,0,163.0,0.0
2026-02-06,Tablet,Direct,Savings Account,2,2,1,227.0,50.0
2026-02-06,Tablet,Organic,Credit Card,1,1,0,87.0,0.0
2026-02-06,Tablet,Organic,Fixed Deposit,4,4,1,172.75,25.0
2026-02-06,Tablet,Organic,Personal Loan,3,3,0,195.0,0.0
2026-02-06,Tablet,Organic,Savings Account,4,4,3,381.0,75.0
2026-02-06,Tablet,Paid Search,Credit Card,2,2,1,304.5,50.0
2026-02-06,Tablet,Paid Search,Fixed Deposit,1,1,0,356.0,0.0
2026-02-06,Tablet,Paid Search,Personal Loan,2,2,0,130.0,0.0
2026-02-06,Tablet,Paid Search,Savings Account,2,2,1,238.5,50.0
2026-02-06,Tablet,Referral,Credit Card,1,1,0,129.0,0.0
2026-02-06,Tablet,Referral,Fixed Deposit,1,1,0,88.0,0.0
2026-02-07,Desktop,Direct,Credit Card,11,11,5,242.63636363636363,45.45
2026-02-07,Desktop,Direct,Fixed Deposit,5,5,2,251.2,40.0
2026-02-07,Desktop,Direct,Personal Loan,5,5,2,224.2,40.0
2026-02-07,Desktop,Direct,Savings Account,4,4,0,175.75,0.0
2026-02-07,Desktop,Email,Credit Card,7,7,3,259.57142857142856,42.86
2026-02-07,Desktop,Email,Fixed Deposit,5,5,1,120.2,20.0
2026-02-07,Desktop,Email,Personal Loan,3,3,0,200.33333333333334,0.0
2026-02-07,Desktop,Email,Savings Account,3,3,1,208.0,33.33
2026-02-07,Desktop,Organic,Credit Card,9,9,2,190.33333333333334,22.22
2026-02-07,Desktop,Organic,Fixed Deposit,6,6,1,200.0,16.67
2026-02-07,Desktop,Organic,Personal Loan,6,6,2,347.3333333333333,33.33
2026-02-07,Desktop,Organic,Savings Account,9,9,1,245.77777777777777,11.11
2026-02-07,Desktop,Paid Search,Credit Card,4,4,1,182.0,25.0
2026-02-07,Desktop,Paid Search,Personal Loan,7,7,4,284.7142857142857,57.14
2026-02-07,Desktop,Paid Search,Savings Account,4,4,3,357.25,75.0
2026-02-07,Desktop,Referral,Credit Card,4,4,1,313.25,25.0
2026-02-07,Desktop,Referral,Fixed Deposit,3,3,0,189.66666666666666,0.0
2026-02-07,Mobile,Direct,Credit Card,20,20,3,208.45,15.0
2026-02-07,Mobile,Direct,Fixed Deposit,5,5,1,204.8,20.0
2026-02-07,Mobile,Direct,Personal Loan,12,12,0,159.5,0.0
2026-02-07,Mobile,Direct,Savings Account,10,10,2,223.2,20.0
2026-02-07,Mobile,Email,Credit Card,12,12,5,282.25,41.67
2026-02-07,Mobile,Email,Fixed Deposit,4,4,3,299.5,75.0
2026-02-07,Mobile,Email,Personal Loan,4,4,0,278.0,0.0
2026-02-07,Mobile,Email,Savings Account,7,7,0,153.57142857142858,0.0
2026-02-07,Mobile,Organic,Credit Card,20,20,6,270.4,30.0
2026-02-07,Mobile,Organic,Fixed Deposit,11,11,3,260.54545454545456,27.27
2026-02-07,Mobile,Organic,Personal Loan,18,18,2,203.38888888888889,11.11
2026-02-07,Mobile,Organic,Savings Account,22,22,9,250.95454545454547,40.91
2026-02-07,Mobile,Paid Search,Credit Card,12,12,0,217.66666666666666,0.0
2026-02-07,Mobile,Paid Search,Fixed Deposit,7,7,2,195.28571428571428,28.57
2026-02-07,Mobile,Paid Search,Personal Loan,12,12,2,234.16666666666666,16.67
2026-02-07,Mobile,Paid Search,Savings Account,13,13,3,235.3846153846154,23.08
2026-02-07,Mobile,Referral,Credit Card,5,5,0,244.8,0.0
2026-02-07,Mobile,Referral,Fixed Deposit,5,5,2,289.2,40.0
2026-02-07,Mobile,Referral,Personal Loan,7,7,3,264.85714285714283,42.86
2026-02-07,Mobile,Referral,Savings Account,3,3,1,291.3333333333333,33.33
2026-02-07,Tablet,Direct,Credit Card,1,1,0,86.0,0.0
2026-02-07,Tablet,Direct,Fixed Deposit,1,1,0,229.0,0.0
2026-02-07,Tablet,Direct,Personal Loan,1,1,1,306.0,100.0
2026-02-07,Tablet,Direct,Savings Account,1,1,0,109.0,0.0
2026-02-07,Tablet,Organic,Credit Card,2,2,0,211.5,0.0
2026-02-07,Tablet,Organic,Fixed Deposit,1,1,0,59.0,0.0
2026-02-07,Tablet,Organic,Personal Loan,3,3,0,164.66666666666666,0.0
2026-02-07,Tablet,Paid Search,Fixed Deposit,2,2,0,169.0,0.0
2026-02-07,Tablet,Paid Search,Personal Loan,1,1,0,70.0,0.0
2026-02-08,Desktop,Direct,Credit Card,5,5,1,215.8,20.0
2026-02-08,Desktop,Direct,Fixed Deposit,5,5,1,163.6,20.0
2026-02-08,Desktop,Direct,Personal Loan,9,9,1,214.88888888888889,11.11
2026-02-08,Desktop,Direct,Savings Account,7,7,2,225.71428571428572,28.57
2026-02-08,Desktop,Email,Credit Card,2,2,1,264.0,50.0
2026-02-08,Desktop,Email,Fixed Deposit,2,2,0,190.5,0.0
2026-02-08,Desktop,Email,Personal Loan,1,1,1,256.0,100.0
2026-02-08,Desktop,Email,Savings Account,4,4,2,432.75,50.0
2026-02-08,Desktop,Organic,Credit Card,7,7,2,287.7142857142857,28.57
2026-02-08,Desktop,Organic,Fixed Deposit,4,4,0,171.75,0.0
2026-02-08,Desktop,Organic,Personal Loan,4,4,0,246.5,0.0
2026-02-08,Desktop,Organic,Savings Account,8,8,1,268.125,12.5
2026-02-08,Desktop,Paid Search,Credit Card,12,12,3,231.91666666666666,25.0
2026-02-08,Desktop,Paid Search,Fixed Deposit,2,2,0,169.0,0.0
2026-02-08,Desktop,Paid Search,Personal Loan,4,4,1,273.5,25.0
2026-02-08,Desktop,Paid Search,Savings Account,7,7,4,232.71428571428572,57.14
2026-02-08,Desktop,Referral,Credit Card,4,4,0,225.75,0.0
2026-02-08,Desktop,Referral,Fixed Deposit,2,2,1,262.0,50.0
2026-02-08,Desktop,Referral,Personal Loan,1,1,0,73.0,0.0
2026-02-08,Desktop,Referral,Savings Account,3,3,1,260.0,33.33
2026-02-08,Mobile,Direct,Credit Card,16,16,3,183.1875,18.75
2026-02-08,Mobile,Direct,Fixed Deposit,6,6,2,178.16666666666666,33.33
2026-02-08,Mobile,Direct,Personal Loan,13,13,7,294.2307692307692,53.85
2026-02-08,Mobile,Direct,Savings Account,22,22,4,238.86363636363637,18.18
2026-02-08,Mobile,Email,Credit Card,13,13,5,243.23076923076923,38.46
2026-02-08,Mobile,Email,Fixed Deposit,2,2,0,120.5,0.0
2026-02-08,Mobile,Email,Personal Loan,5,5,3,287.6,60.0
2026-02-08,Mobile,Email,Savings Account,6,6,1,324.3333333333333,16.67
2026-02-08,Mobile,Organic,Credit Card,27,27,9,213.33333333333334,33.33
2026-02-08,Mobile,Organic,Fixed Deposit,13,13,4,226.69230769230768,30.77
2026-02-08,Mobile,Organic,Personal Loan,18,18,3,236.22222222222223,16.67
2026-02-08,Mobile,Organic,Savings Account,22,22,8,208.77272727272728,36.36
2026-02-08,Mobile,Paid Search,Credit Card,17,17,2,270.6470588235294,11.76
2026-02-08,Mobile,Paid Search,Fixed Deposit,5,5,2,279.0,40.0
2026-02-08,Mobile,Paid Search,Personal Loan,16,16,3,226.3125,18.75
2026-02-08,Mobile,Paid Search,Savings Account,18,18,5,236.27777777777777,27.78
2026-02-08,Mobile,Referral,Credit Card,1,1,0,78.0,0.0
2026-02-08,Mobile,Referral,Fixed Deposit,4,4,1,262.75,25.0
2026-02-08,Mobile,Referral,Personal Loan,5,5,1,216.4,20.0
2026-02-08,Mobile,Referral,Savings Account,13,13,4,257.7692307692308,30.77
2026-02-08,Tablet,Direct,Credit Card,3,3,0,214.66666666666666,0.0
2026-02-08,Tablet,Direct,Personal Loan,3,3,0,144.66666666666666,0.0
2026-02-08,Tablet,Direct,Savings Account,2,2,0,198.0,0.0
2026-02-08,Tablet,Email,Credit Card,2,2,2,325.0,100.0
2026-02-08,Tablet,Organic,Credit Card,1,1,1,297.0,100.0
2026-02-08,Tablet,Organic,Fixed Deposit,1,1,1,326.0,100.0
2026-02-08,Tablet,Organic,Savings Account,7,7,2,314.42857142857144,28.57
2026-02-08,Tablet,Paid Search,Credit Card,1,1,1,380.0,100.0
2026-02-08,Tablet,Paid Search,Fixed Deposit,1,1,0,95.0,0.0
2026-02-08,Tablet,Paid Search,Personal Loan,1,1,0,198.0,0.0
2026-02-08,Tablet,Paid Search,Savings Account,1,1,0,160.0,0.0
2026-02-08,Tablet,Referral,Savings Account,2,2,0,199.0,0.0
2026-02-09,Desktop,Direct,Credit Card,7,7,4,266.57142857142856,57.14
2026-02-09,Desktop,Direct,Fixed Deposit,3,3,2,291.3333333333333,66.67
2026-02-09,Desktop,Direct,Personal Loan,4,4,0,359.25,0.0
2026-02-09,Desktop,Direct,Savings Account,8,8,4,297.375,50.0
2026-02-09,Desktop,Email,Credit Card,5,5,1,255.0,20.0
2026-02-09,Desktop,Email,Fixed Deposit,1,1,0,422.0,0.0
2026-02-09,Desktop,Email,Personal Loan,5,5,2,317.8,40.0
2026-02-09,Desktop,Email,Savings Account,8,8,3,262.875,37.5
2026-02-09,Desktop,Organic,Credit Card,14,14,4,241.92857142857142,28.57
2026-02-09,Desktop,Organic,Fixed Deposit,4,4,0,165.75,0.0
2026-02-09,Desktop,Organic,Personal Loan,8,8,2,314.625,25.0
2026-02-09,Desktop,Organic,Savings Account,9,9,5,290.22222222222223,55.56
2026-02-09,Desktop,Paid Search,Credit Card,10,10,3,257.4,30.0
2026-02-09,Desktop,Paid Search,Fixed Deposit,2,2,0,254.5,0.0
2026-02-09,Desktop,Paid Search,Personal Loan,6,6,1,248.16666666666666,16.67
2026-02-09,Desktop,Paid Search,Savings Account,5,5,3,324.4,60.0
2026-02-09,Desktop,Referral,Credit Card,2,2,1,344.5,50.0
2026-02-09,Desktop,Referral,Fixed Deposit,1,1,0,68.0,0.0
2026-02-09,Desktop,Referral,Savings Account,1,1,1,423.0,100.0
2026-02-09,Mobile,Direct,Credit Card,27,27,7,268.3333333333333,25.93
2026-02-09,Mobile,Direct,Fixed Deposit,5,5,1,165.6,20.0
2026-02-09,Mobile,Direct,Personal Loan,12,12,8,320.9166666666667,66.67
2026-02-09,Mobile,Direct,Savings Account,18,18,4,273.22222222222223,22.22
2026-02-09,Mobile,Email,Credit Card,9,9,2,225.88888888888889,22.22
2026-02-09,Mobile,Email,Fixed Deposit,4,4,1,160.25,25.0
2026-02-09,Mobile,Email,Personal Loan,5,5,1,162.2,20.0
2026-02-09,Mobile,Email,Savings Account,11,11,6,281.27272727272725,54.55
2026-02-09,Mobile,Organic,Credit Card,27,27,4,220.0,14.81
2026-02-09,Mobile,Organic,Fixed Deposit,10,10,1,217.0,10.0
2026-02-09,Mobile,Organic,Personal Loan,12,12,0,170.58333333333334,0.0
2026-02-09,Mobile,Organic,Savings Account,17,17,3,174.52941176470588,17.65
2026-02-09,Mobile,Paid Search,Credit Card,25,25,6,267.36,24.0
2026-02-09,Mobile,Paid Search,Fixed Deposit,5,5,2,264.8,40.0
2026-02-09,Mobile,Paid Search,Personal Loan,14,14,5,319.2857142857143,35.71
2026-02-09,Mobile,Paid Search,Savings Account,16,16,5,235.25,31.25
2026-02-09,Mobile,Referral,Credit Card,5,5,2,296.2,40.0
2026-02-09,Mobile,Referral,Fixed Deposit,7,7,1,191.42857142857142,14.29
2026-02-09,Mobile,Referral,Personal Loan,4,4,1,148.5,25.0
2026-02-09,Mobile,Referral,Savings Account,7,7,0,174.14285714285714,0.0
2026-02-09,Tablet,Direct,Credit Card,1,1,1,178.0,100.0
2026-02-09,Tablet,Direct,Fixed Deposit,3,3,1,270.3333333333333,33.33
2026-02-09,Tablet,Direct,Personal Loan,1,1,0,316.0,0.0
2026-02-09,Tablet,Direct,Savings Account,1,1,0,126.0,0.0
2026-02-09,Tablet,Organic,Credit Card,2,2,1,281.0,50.0
2026-02-09,Tablet,Organic,Personal Loan,2,2,0,236.0,0.0
2026-02-09,Tablet,Organic,Savings Account,1,1,0,311.0,0.0
2026-02-09,Tablet,Paid Search,Personal Loan,1,1,0,141.0,0.0
2026-02-09,Tablet,Paid Search,Savings Account,3,3,1,341.6666666666667,33.33
2026-02-10,Desktop,Direct,Credit Card,13,13,7,294.53846153846155,53.85
2026-02-10,Desktop,Direct,Fixed Deposit,3,3,2,360.6666666666667,66.67
2026-02-10,Desktop,Direct,Personal Loan,7,7,0,134.0,0.0
2026-02-10,Desktop,Direct,Savings Account,7,7,0,279.85714285714283,0.0
2026-02-10,Desktop,Email,Credit Card,7,7,3,278.57142857142856,42.86
2026-02-10,Desktop,Email,Fixed Deposit,1,1,1,253.0,100.0
2026-02-10,Desktop,Email,Personal Loan,3,3,1,238.0,33.33
2026-02-10,Desktop,Email,Savings Account,5,5,3,308.2,60.0
2026-02-10,Desktop,Organic,Credit Card,12,12,3,185.5,25.0
2026-02-10,Desktop,Organic,Fixed Deposit,2,2,0,149.0,0.0
2026-02-10,Desktop,Organic,Personal Loan,2,2,1,286.0,50.0
2026-02-10,Desktop,Organic,Savings Account,14,14,5,210.71428571428572,35.71
2026-02-10,Desktop,Paid Search,Credit Card,7,7,3,305.2857142857143,42.86
2026-02-10,Desktop,Paid Search,Fixed Deposit,1,1,1,390.0,100.0
2026-02-10,Desktop,Paid Search,Personal Loan,3,3,0,129.66666666666666,0.0
2026-02-10,Desktop,Paid Search,Savings Account,8,8,5,332.875,62.5
2026-02-10,Desktop,Referral,Credit Card,1,1,0,380.0,0.0
2026-02-10,Desktop,Referral,Fixed Deposit,1,1,0,361.0,0.0
2026-02-10,Desktop,Referral,Personal Loan,2,2,0,205.0,0.0
2026-02-10,Desktop,Referral,Savings Account,1,1,1,272.0,100.0
2026-02-10,Mobile,Direct,Credit Card,11,11,4,286.54545454545456,36.36
2026-02-10,Mobile,Direct,Fixed Deposit,10,10,1,167.0,10.0
2026-02-10,Mobile,Direct,Personal Loan,7,7,0,229.14285714285714,0.0
2026-02-10,Mobile,Direct,Savings Account,15,15,2,212.13333333333333,13.33
2026-02-10,Mobile,Email,Credit Card,15,15,3,255.86666666666667,20.0
2026-02-10,Mobile,Email,Fixed Deposit,4,4,0,183.25,0.0
2026-02-10,Mobile,Email,Personal Loan,10,10,2,169.0,20.0
2026-02-10,Mobile,Email,Savings Account,7,7,3,296.14285714285717,42.86
2026-02-10,Mobile,Organic,Credit Card,21,21,7,229.85714285714286,33.33
2026-02-10,Mobile,Organic,Fixed Deposit,9,9,2,185.22222222222223,22.22
2026-02-10,Mobile,Organic,Personal Loan,22,22,1,225.04545454545453,4.55
2026-02-10,Mobile,Organic,Savings Account,25,25,10,239.8,40.0
2026-02-10,Mobile,Paid Search,Credit Card,10,10,0,182.7,0.0
2026-02-10,Mobile,Paid Search,Fixed Deposit,5,5,2,251.6,40.0
2026-02-10,Mobile,Paid Search,Personal Loan,13,13,2,174.07692307692307,15.38
2026-02-10,Mobile,Paid Search,Savings Account,14,14,5,273.85714285714283,35.71
2026-02-10,Mobile,Referral,Credit Card,9,9,1,233.44444444444446,11.11
2026-02-10,Mobile,Referral,Fixed Deposit,2,2,2,365.5,100.0
2026-02-10,Mobile,Referral,Personal Loan,4,4,1,200.0,25.0
2026-02-10,Mobile,Referral,Savings Account,6,6,4,284.0,66.67
2026-02-10,Tablet,Direct,Credit Card,2,2,1,358.0,50.0
2026-02-10,Tablet,Direct,Fixed Deposit,1,1,0,109.0,0.0
2026-02-10,Tablet,Direct,Personal Loan,2,2,0,325.0,0.0
2026-02-10,Tablet,Organic,Credit Card,1,1,0,98.0,0.0
2026-02-10,Tablet,Organic,Fixed Deposit,1,1,0,332.0,0.0
2026-02-10,Tablet,Organic,Personal Loan,1,1,0,127.0,0.0
2026-02-10,Tablet,Organic,Savings Account,4,4,1,291.0,25.0
2026-02-10,Tablet,Paid Search,Credit Card,4,4,0,229.25,0.0
2026-02-10,Tablet,Paid Search,Fixed Deposit,1,1,1,313.0,100.0
2026-02-10,Tablet,Paid Search,Personal Loan,1,1,0,143.0,0.0
2026-02-10,Tablet,Paid Search,Savings Account,3,3,1,294.0,33.33
2026-02-10,Tablet,Referral,Credit Card,1,1,0,70.0,0.0
2026-02-10,Tablet,Referral,Personal Loan,1,1,0,403.0,0.0
2026-02-10,Tablet,Referral,Savings Account,1,1,0,226.0,0.0
2026-02-11,Desktop,Direct,Credit Card,9,9,0,198.22222222222223,0.0
2026-02-11,Desktop,Direct,Fixed Deposit,4,4,0,234.0,0.0
2026-02-11,Desktop,Direct,Personal Loan,7,7,3,308.42857142857144,42.86
2026-02-11,Desktop,Direct,Savings Account,6,6,1,209.0,16.67
2026-02-11,Desktop,Email,Credit Card,7,7,0,117.57142857142857,0.0
2026-02-11,Desktop,Email,Fixed Deposit,1,1,0,155.0,0.0
2026-02-11,Desktop,Email,Personal Loan,1,1,1,266.0,100.0
2026-02-11,Desktop,Email,Savings Account,5,5,2,191.0,40.0
2026-02-11,Desktop,Organic,Credit Card,10,10,2,235.6,20.0
2026-02-11,Desktop,Organic,Fixed Deposit,4,4,2,335.0,50.0
2026-02-11,Desktop,Organic,Personal Loan,10,10,1,184.3,10.0
2026-02-11,Desktop,Organic,Savings Account,6,6,3,267.8333333333333,50.0
2026-02-11,Desktop,Paid Search,Credit Card,8,8,2,248.0,25.0
2026-02-11,Desktop,Paid Search,Fixed Deposit,2,2,0,242.5,0.0
2026-02-11,Desktop,Paid Search,Personal Loan,5,5,1,249.6,20.0
2026-02-11,Desktop,Paid Search,Savings Account,3,3,2,224.33333333333334,66.67
2026-02-11,Desktop,Referral,Fixed Deposit,1,1,1,466.0,100.0
2026-02-11,Mobile,Direct,Credit Card,14,14,2,197.5,14.29
2026-02-11,Mobile,Direct,Fixed Deposit,7,7,4,245.0,57.14
2026-02-11,Mobile,Direct,Personal Loan,10,10,3,246.0,30.0
2026-02-11,Mobile,Direct,Savings Account,19,19,7,241.42105263157896,36.84
2026-02-11,Mobile,Email,Credit Card,10,10,4,258.7,40.0
2026-02-11,Mobile,Email,Fixed Deposit,4,4,0,212.75,0.0
2026-02-11,Mobile,Email,Personal Loan,8,8,4,305.25,50.0
2026-02-11,Mobile,Email,Savings Account,11,11,1,237.45454545454547,9.09
2026-02-11,Mobile,Organic,Credit Card,22,22,4,221.63636363636363,18.18
2026-02-11,Mobile,Organic,Fixed Deposit,6,6,0,198.83333333333334,0.0
2026-02-11,Mobile,Organic,Personal Loan,14,14,3,229.71428571428572,21.43
2026-02-11,Mobile,Organic,Savings Account,18,18,1,192.27777777777777,5.56
2026-02-11,Mobile,Paid Search,Credit Card,14,14,3,205.64285714285714,21.43
2026-02-11,Mobile,Paid Search,Fixed Deposit,9,9,3,296.44444444444446,33.33
2026-02-11,Mobile,Paid Search,Personal Loan,7,7,2,289.2857142857143,28.57
2026-02-11,Mobile,Paid Search,Savings Account,10,10,2,188.6,20.0
2026-02-11,Mobile,Referral,Credit Card,10,10,1,159.4,10.0
2026-02-11,Mobile,Referral,Fixed Deposit,6,6,2,266.1666666666667,33.33
2026-02-11,Mobile,Referral,Personal Loan,4,4,0,195.5,0.0
2026-02-11,Mobile,Referral,Savings Account,4,4,2,202.75,50.0
2026-02-11,Tablet,Direct,Credit Card,1,1,0,142.0,0.0
2026-02-11,Tablet,Direct,Personal Loan,2,2,0,117.5,0.0
2026-02-11,Tablet,Direct,Savings Account,2,2,0,165.0,0.0
2026-02-11,Tablet,Email,Credit Card,2,2,0,170.5,0.0
2026-02-11,Tablet,Organic,Credit Card,1,1,0,199.0,0.0
2026-02-11,Tablet,Organic,Personal Loan,1,1,0,129.0,0.0
2026-02-11,Tablet,Paid Search,Credit Card,2,2,0,143.0,0.0
2026-02-11,Tablet,Paid Search,Fixed Deposit,1,1,0,196.0,0.0
2026-02-11,Tablet,Paid Search,Personal Loan,1,1,0,44.0,0.0
2026-02-11,Tablet,Paid Search,Savings Account,2,2,0,102.0,0.0
2026-02-11,Tablet,Referral,Fixed Deposit,1,1,0,284.0,0.0
2026-02-11,Tablet,Referral,Personal Loan,1,1,1,435.0,100.0
2026-02-11,Tablet,Referral,Savings Account,1,1,0,147.0,0.0
2026-02-12,Desktop,Direct,Credit Card,6,6,2,321.6666666666667,33.33
2026-02-12,Desktop,Direct,Fixed Deposit,9,9,3,270.8888888888889,33.33
2026-02-12,Desktop,Direct,Personal Loan,4,4,0,186.25,0.0
2026-02-12,Desktop,Direct,Savings Account,7,7,4,223.57142857142858,57.14
2026-02-12,Desktop,Email,Credit Card,7,7,2,148.42857142857142,28.57
2026-02-12,Desktop,Email,Fixed Deposit,1,1,1,507.0,100.0
2026-02-12,Desktop,Email,Personal Loan,4,4,1,223.75,25.0
2026-02-12,Desktop,Email,Savings Account,4,4,2,213.25,50.0
2026-02-12,Desktop,Organic,Credit Card,6,6,3,317.8333333333333,50.0
2026-02-12,Desktop,Organic,Fixed Deposit,3,3,2,322.3333333333333,66.67
2026-02-12,Desktop,Organic,Personal Loan,5,5,1,169.0,20.0
2026-02-12,Desktop,Organic,Savings Account,8,8,3,275.25,37.5
2026-02-12,Desktop,Paid Search,Credit Card,4,4,3,348.5,75.0
2026-02-12,Desktop,Paid Search,Fixed Deposit,6,6,0,192.16666666666666,0.0
2026-02-12,Desktop,Paid Search,Personal Loan,3,3,0,131.0,0.0
2026-02-12,Desktop,Paid Search,Savings Account,6,6,2,249.66666666666666,33.33
2026-02-12,Desktop,Referral,Credit Card,3,3,0,196.0,0.0
2026-02-12,Desktop,Referral,Personal Loan,1,1,0,361.0,0.0
2026-02-12,Desktop,Referral,Savings Account,1,1,0,138.0,0.0
2026-02-12,Mobile,Direct,Credit Card,16,16,3,219.0,18.75
2026-02-12,Mobile,Direct,Fixed Deposit,6,6,1,208.83333333333334,16.67
2026-02-12,Mobile,Direct,Personal Loan,11,11,2,220.0,18.18
2026-02-12,Mobile,Direct,Savings Account,20,20,4,220.55,20.0
2026-02-12,Mobile,Email,Credit Card,3,3,2,428.0,66.67
2026-02-12,Mobile,Email,Fixed Deposit,6,6,2,209.66666666666666,33.33
2026-02-12,Mobile,Email,Personal Loan,8,8,1,327.375,12.5
2026-02-12,Mobile,Email,Savings Account,9,9,4,273.3333333333333,44.44
2026-02-12,Mobile,Organic,Credit Card,23,23,3,198.0,13.04
2026-02-12,Mobile,Organic,Fixed Deposit,10,10,2,194.7,20.0
2026-02-12,Mobile,Organic,Personal Loan,11,11,2,219.9090909090909,18.18
2026-02-12,Mobile,Organic,Savings Account,18,18,4,211.66666666666666,22.22
2026-02-12,Mobile,Paid Search,Credit Card,12,12,1,191.41666666666666,8.33
2026-02-12,Mobile,Paid Search,Fixed Deposit,6,6,3,206.16666666666666,50.0
2026-02-12,Mobile,Paid Search,Personal Loan,13,13,1,159.15384615384616,7.69
2026-02-12,Mobile,Paid Search,Savings Account,18,18,5,286.0,27.78
2026-02-12,Mobile,Referral,Credit Card,3,3,0,223.33333333333334,0.0
2026-02-12,Mobile,Referral,Fixed Deposit,2,2,0,175.5,0.0
2026-02-12,Mobile,Referral,Personal Loan,5,5,1,217.4,20.0
2026-02-12,Mobile,Referral,Savings Account,6,6,0,163.5,0.0
2026-02-12,Tablet,Direct,Credit Card,3,3,1,415.3333333333333,33.33
2026-02-12,Tablet,Direct,Savings Account,3,3,0,192.0,0.0
2026-02-12,Tablet,Email,Credit Card,2,2,1,285.0,50.0
2026-02-12,Tablet,Email,Personal Loan,1,1,1,448.0,100.0
2026-02-12,Tablet,Organic,Fixed Deposit,2,2,1,191.5,50.0
2026-02-12,Tablet,Organic,Personal Loan,2,2,0,189.5,0.0
2026-02-12,Tablet,Organic,Savings Account,3,3,1,310.6666666666667,33.33
2026-02-12,Tablet,Paid Search,Credit Card,2,2,0,338.5,0.0
2026-02-12,Tablet,Paid Search,Personal Loan,2,2,1,197.5,50.0
2026-02-12,Tablet,Paid Search,Savings Account,1,1,0,166.0,0.0
2026-02-12,Tablet,Referral,Personal Loan,1,1,0,260.0,0.0
2026-02-12,Tablet,Referral,Savings Account,1,1,1,182.0,100.0
2026-02-13,Desktop,Direct,Credit Card,6,6,2,258.0,33.33
2026-02-13,Desktop,Direct,Fixed Deposit,3,3,1,252.0,33.33
2026-02-13,Desktop,Direct,Personal Loan,8,8,2,229.75,25.0
2026-02-13,Desktop,Direct,Savings Account,8,8,4,290.875,50.0
2026-02-13,Desktop,Email,Credit Card,3,3,1,307.6666666666667,33.33
2026-02-13,Desktop,Email,Fixed Deposit,2,2,1,365.0,50.0
2026-02-13,Desktop,Email,Personal Loan,1,1,1,425.0,100.0
2026-02-13,Desktop,Email,Savings Account,2,2,2,378.0,100.0
2026-02-13,Desktop,Organic,Credit Card,6,6,0,168.5,0.0
2026-02-13,Desktop,Organic,Fixed Deposit,4,4,1,235.75,25.0
2026-02-13,Desktop,Organic,Personal Loan,8,8,0,216.125,0.0
2026-02-13,Desktop,Organic,Savings Account,14,14,6,237.42857142857142,42.86
2026-02-13,Desktop,Paid Search,Credit Card,5,5,3,289.8,60.0
2026-02-13,Desktop,Paid Search,Fixed Deposit,3,3,1,226.66666666666666,33.33
2026-02-13,Desktop,Paid Search,Personal Loan,3,3,1,341.0,33.33
2026-02-13,Desktop,Paid Search,Savings Account,7,7,3,240.14285714285714,42.86
2026-02-13,Desktop,Referral,Credit Card,6,6,1,219.83333333333334,16.67
2026-02-13,Desktop,Referral,Fixed Deposit,1,1,1,334.0,100.0
2026-02-13,Desktop,Referral,Personal Loan,1,1,0,66.0,0.0
2026-02-13,Desktop,Referral,Savings Account,1,1,1,395.0,100.0
2026-02-13,Mobile,Direct,Credit Card,20,20,1,184.15,5.0
2026-02-13,Mobile,Direct,Fixed Deposit,6,6,0,204.16666666666666,0.0
2026-02-13,Mobile,Direct,Personal Loan,17,17,4,211.7058823529412,23.53
2026-02-13,Mobile,Direct,Savings Account,9,9,2,259.1111111111111,22.22
2026-02-13,Mobile,Email,Credit Card,11,11,2,252.45454545454547,18.18
2026-02-13,Mobile,Email,Fixed Deposit,4,4,2,287.75,50.0
2026-02-13,Mobile,Email,Personal Loan,5,5,2,223.6,40.0
2026-02-13,Mobile,Email,Savings Account,7,7,1,190.0,14.29
2026-02-13,Mobile,Organic,Credit Card,29,29,4,230.41379310344828,13.79
2026-02-13,Mobile,Organic,Fixed Deposit,13,13,2,212.30769230769232,15.38
2026-02-13,Mobile,Organic,Personal Loan,12,12,4,225.25,33.33
2026-02-13,Mobile,Organic,Savings Account,16,16,3,226.3125,18.75
2026-02-13,Mobile,Paid Search,Credit Card,20,20,5,214.45,25.0
2026-02-13,Mobile,Paid Search,Fixed Deposit,5,5,1,135.6,20.0
2026-02-13,Mobile,Paid Search,Personal Loan,10,10,2,209.6,20.0
2026-02-13,Mobile,Paid Search,Savings Account,11,11,3,253.1818181818182,27.27
2026-02-13,Mobile,Referral,Credit Card,6,6,0,171.16666666666666,0.0
2026-02-13,Mobile,Referral,Fixed Deposit,1,1,0,109.0,0.0
2026-02-13,Mobile,Referral,Personal Loan,5,5,0,151.4,0.0
2026-02-13,Mobile,Referral,Savings Account,6,6,0,169.0,0.0
2026-02-13,Tablet,Direct,Credit Card,2,2,0,149.0,0.0
2026-02-13,Tablet,Direct,Fixed Deposit,2,2,1,259.5,50.0
2026-02-13,Tablet,Direct,Personal Loan,1,1,1,334.0,100.0
2026-02-13,Tablet,Direct,Savings Account,1,1,0,300.0,0.0
2026-02-13,Tablet,Email,Credit Card,1,1,0,130.0,0.0
2026-02-13,Tablet,Email,Savings Account,1,1,1,309.0,100.0
2026-02-13,Tablet,Organic,Fixed Deposit,3,3,1,283.0,33.33
2026-02-13,Tablet,Organic,Savings Account,5,5,1,242.4,20.0
2026-02-13,Tablet,Paid Search,Fixed Deposit,1,1,0,455.0,0.0
2026-02-13,Tablet,Paid Search,Personal Loan,1,1,0,262.0,0.0
2026-02-13,Tablet,Paid Search,Savings Account,2,2,0,246.0,0.0
2026-02-13,Tablet,Referral,Credit Card,3,3,0,142.66666666666666,0.0
2026-02-13,Tablet,Referral,Fixed Deposit,1,1,0,182.0,0.0
2026-02-13,Tablet,Referral,Savings Account,2,2,0,279.0,0.0
2026-02-14,Desktop,Direct,Credit Card,8,8,1,206.5,12.5
2026-02-14,Desktop,Direct,Fixed Deposit,3,3,1,203.33333333333334,33.33
2026-02-14,Desktop,Direct,Personal Loan,7,7,1,156.42857142857142,14.29
2026-02-14,Desktop,Direct,Savings Account,5,5,2,190.4,40.0
2026-02-14,Desktop,Email,Credit Card,4,4,1,206.5,25.0
2026-02-14,Desktop,Email,Fixed Deposit,1,1,1,294.0,100.0
2026-02-14,Desktop,Email,Personal Loan,2,2,0,193.5,0.0
2026-02-14,Desktop,Email,Savings Account,8,8,5,288.125,62.5
2026-02-14,Desktop,Organic,Credit Card,8,8,3,260.625,37.5
2026-02-14,Desktop,Organic,Fixed Deposit,3,3,2,254.33333333333334,66.67
2026-02-14,Desktop,Organic,Personal Loan,7,7,1,194.28571428571428,14.29
2026-02-14,Desktop,Organic,Savings Account,10,10,2,192.3,20.0
2026-02-14,Desktop,Paid Search,Credit Card,11,11,1,174.45454545454547,9.09
2026-02-14,Desktop,Paid Search,Fixed Deposit,3,3,0,82.33333333333333,0.0
2026-02-14,Desktop,Paid Search,Personal Loan,8,8,1,182.0,12.5
2026-02-14,Desktop,Paid Search,Savings Account,9,9,1,169.11111111111111,11.11
2026-02-14,Desktop,Referral,Credit Card,1,1,0,105.0,0.0
2026-02-14,Desktop,Referral,Fixed Deposit,4,4,0,261.0,0.0
2026-02-14,Desktop,Referral,Personal Loan,3,3,1,233.33333333333334,33.33
2026-02-14,Desktop,Referral,Savings Account,3,3,0,144.66666666666666,0.0
2026-02-14,Mobile,Direct,Credit Card,16,16,2,198.3125,12.5
2026-02-14,Mobile,Direct,Fixed Deposit,7,7,0,158.28571428571428,0.0
2026-02-14,Mobile,Direct,Personal Loan,17,17,6,198.1764705882353,35.29
2026-02-14,Mobile,Direct,Savings Account,12,12,2,191.5,16.67
2026-02-14,Mobile,Email,Credit Card,12,12,2,197.41666666666666,16.67
2026-02-14,Mobile,Email,Fixed Deposit,5,5,1,255.8,20.0
2026-02-14,Mobile,Email,Personal Loan,6,6,2,188.5,33.33
2026-02-14,Mobile,Email,Savings Account,9,9,1,204.44444444444446,11.11
2026-02-14,Mobile,Organic,Credit Card,24,24,7,248.33333333333334,29.17
2026-02-14,Mobile,Organic,Fixed Deposit,13,13,5,239.07692307692307,38.46
2026-02-14,Mobile,Organic,Personal Loan,9,9,1,192.88888888888889,11.11
2026-02-14,Mobile,Organic,Savings Account,26,26,5,239.3846153846154,19.23
2026-02-14,Mobile,Paid Search,Credit Card,11,11,2,265.09090909090907,18.18
2026-02-14,Mobile,Paid Search,Fixed Deposit,12,12,1,213.91666666666666,8.33
2026-02-14,Mobile,Paid Search,Personal Loan,9,9,1,154.0,11.11
2026-02-14,Mobile,Paid Search,Savings Account,20,20,9,232.6,45.0
2026-02-14,Mobile,Referral,Credit Card,5,5,0,215.8,0.0
2026-02-14,Mobile,Referral,Fixed Deposit,5,5,1,195.4,20.0
2026-02-14,Mobile,Referral,Personal Loan,4,4,0,255.75,0.0
2026-02-14,Mobile,Referral,Savings Account,10,10,3,188.5,30.0
2026-02-14,Tablet,Direct,Credit Card,1,1,0,167.0,0.0
2026-02-14,Tablet,Direct,Fixed Deposit,1,1,0,269.0,0.0
2026-02-14,Tablet,Direct,Savings Account,4,4,3,341.5,75.0
2026-02-14,Tablet,Email,Personal Loan,1,1,1,374.0,100.0
2026-02-14,Tablet,Email,Savings Account,1,1,1,493.0,100.0
2026-02-14,Tablet,Organic,Credit Card,1,1,1,371.0,100.0
2026-02-14,Tablet,Organic,Personal Loan,2,2,0,202.0,0.0
2026-02-14,Tablet,Organic,Savings Account,1,1,0,239.0,0.0
2026-02-14,Tablet,Paid Search,Credit Card,1,1,0,268.0,0.0
2026-02-14,Tablet,Paid Search,Fixed Deposit,1,1,1,553.0,100.0
2026-02-14,Tablet,Paid Search,Savings Account,1,1,0,88.0,0.0
2026-02-14,Tablet,Referral,Credit Card,2,2,1,360.5,50.0
2026-02-14,Tablet,Referral,Personal Loan,1,1,0,165.0,0.0
2026-02-15,Desktop,Direct,Credit Card,7,7,1,248.42857142857142,14.29
2026-02-15,Desktop,Direct,Fixed Deposit,2,2,1,355.0,50.0
2026-02-15,Desktop,Direct,Personal Loan,2,2,1,302.0,50.0
2026-02-15,Desktop,Direct,Savings Account,3,3,1,274.0,33.33
2026-02-15,Desktop,Email,Credit Card,3,3,1,222.0,33.33
2026-02-15,Desktop,Email,Fixed Deposit,2,2,0,155.5,0.0
2026-02-15,Desktop,Email,Personal Loan,3,3,0,121.66666666666667,0.0
2026-02-15,Desktop,Email,Savings Account,2,2,2,308.0,100.0
2026-02-15,Desktop,Organic,Credit Card,5,5,2,193.4,40.0
2026-02-15,Desktop,Organic,Fixed Deposit,3,3,1,145.33333333333334,33.33
2026-02-15,Desktop,Organic,Personal Loan,2,2,1,177.5,50.0
2026-02-15,Desktop,Organic,Savings Account,8,8,1,141.25,12.5
2026-02-15,Desktop,Paid Search,Credit Card,10,10,4,272.2,40.0
2026-02-15,Desktop,Paid Search,Fixed Deposit,2,2,0,271.5,0.0
2026-02-15,Desktop,Paid Search,Personal Loan,1,1,0,190.0,0.0
2026-02-15,Desktop,Paid Search,Savings Account,2,2,0,164.0,0.0
2026-02-15,Desktop,Referral,Credit Card,3,3,2,248.0,66.67
2026-02-15,Desktop,Referral,Fixed Deposit,1,1,0,76.0,0.0
2026-02-15,Desktop,Referral,Personal Loan,2,2,1,271.5,50.0
2026-02-15,Desktop,Referral,Savings Account,1,1,0,68.0,0.0
2026-02-15,Mobile,Direct,Credit Card,17,17,1,191.2941176470588,5.88
2026-02-15,Mobile,Direct,Fixed Deposit,9,9,0,200.88888888888889,0.0
2026-02-15,Mobile,Direct,Personal Loan,9,9,3,242.22222222222223,33.33
2026-02-15,Mobile,Direct,Savings Account,18,18,5,206.77777777777777,27.78
2026-02-15,Mobile,Email,Credit Card,5,5,3,284.4,60.0
2026-02-15,Mobile,Email,Fixed Deposit,6,6,2,244.16666666666666,33.33
2026-02-15,Mobile,Email,Personal Loan,6,6,2,233.5,33.33
2026-02-15,Mobile,Email,Savings Account,7,7,1,121.85714285714286,14.29
2026-02-15,Mobile,Organic,Credit Card,25,25,6,220.96,24.0
2026-02-15,Mobile,Organic,Fixed Deposit,7,7,1,141.57142857142858,14.29
2026-02-15,Mobile,Organic,Personal Loan,12,12,1,227.08333333333334,8.33
2026-02-15,Mobile,Organic,Savings Account,21,21,4,244.95238095238096,19.05
2026-02-15,Mobile,Paid Search,Credit Card,9,9,3,229.66666666666666,33.33
2026-02-15,Mobile,Paid Search,Fixed Deposit,5,5,1,240.6,20.0
2026-02-15,Mobile,Paid Search,Personal Loan,6,6,2,164.0,33.33
2026-02-15,Mobile,Paid Search,Savings Account,14,14,2,238.42857142857142,14.29
2026-02-15,Mobile,Referral,Credit Card,2,2,1,213.0,50.0
2026-02-15,Mobile,Referral,Fixed Deposit,1,1,0,29.0,0.0
2026-02-15,Mobile,Referral,Personal Loan,4,4,1,159.5,25.0
2026-02-15,Mobile,Referral,Savings Account,8,8,2,217.5,25.0
2026-02-15,Tablet,Direct,Credit Card,7,7,3,318.14285714285717,42.86
2026-02-15,Tablet,Direct,Fixed Deposit,1,1,0,161.0,0.0
2026-02-15,Tablet,Direct,Personal Loan,2,2,0,283.5,0.0
2026-02-15,Tablet,Email,Credit Card,2,2,0,39.5,0.0
2026-02-15,Tablet,Email,Fixed Deposit,2,2,0,172.0,0.0
2026-02-15,Tablet,Email,Personal Loan,1,1,1,162.0,100.0
2026-02-15,Tablet,Organic,Credit Card,2,2,0,238.5,0.0
2026-02-15,Tablet,Paid Search,Credit Card,1,1,1,503.0,100.0
2026-02-15,Tablet,Paid Search,Personal Loan,1,1,0,111.0,0.0
2026-02-15,Tablet,Referral,Fixed Deposit,2,2,0,159.0,0.0
2026-02-15,Tablet,Referral,Savings Account,2,2,1,108.5,50.0
2026-02-16,Desktop,Direct,Credit Card,6,6,2,212.83333333333334,33.33
2026-02-16,Desktop,Direct,Fixed Deposit,2,2,0,264.0,0.0
2026-02-16,Desktop,Direct,Personal Loan,7,7,2,294.85714285714283,28.57
2026-02-16,Desktop,Direct,Savings Account,9,9,7,300.3333333333333,77.78
2026-02-16,Desktop,Email,Credit Card,7,7,3,255.0,42.86
2026-02-16,Desktop,Email,Fixed Deposit,1,1,0,105.0,0.0
2026-02-16,Desktop,Email,Personal Loan,2,2,1,212.5,50.0
2026-02-16,Desktop,Email,Savings Account,4,4,3,260.25,75.0
2026-02-16,Desktop,Organic,Credit Card,10,10,0,181.3,0.0
2026-02-16,Desktop,Organic,Fixed Deposit,4,4,3,401.25,75.0
2026-02-16,Desktop,Organic,Personal Loan,4,4,1,239.25,25.0
2026-02-16,Desktop,Organic,Savings Account,14,14,4,252.35714285714286,28.57
2026-02-16,Desktop,Paid Search,Credit Card,8,8,3,379.25,37.5
2026-02-16,Desktop,Paid Search,Fixed Deposit,3,3,2,374.0,66.67
2026-02-16,Desktop,Paid Search,Personal Loan,3,3,0,150.0,0.0
2026-02-16,Desktop,Paid Search,Savings Account,10,10,4,251.4,40.0
2026-02-16,Desktop,Referral,Credit Card,1,1,0,253.0,0.0
2026-02-16,Desktop,Referral,Fixed Deposit,2,2,0,260.5,0.0
2026-02-16,Desktop,Referral,Personal Loan,4,4,1,189.0,25.0
2026-02-16,Desktop,Referral,Savings Account,2,2,1,306.0,50.0
2026-02-16,Mobile,Direct,Credit Card,15,15,2,219.66666666666666,13.33
2026-02-16,Mobile,Direct,Fixed Deposit,8,8,3,203.625,37.5
2026-02-16,Mobile,Direct,Personal Loan,11,11,3,195.72727272727272,27.27
2026-02-16,Mobile,Direct,Savings Account,23,23,4,252.17391304347825,17.39
2026-02-16,Mobile,Email,Credit Card,5,5,0,201.8,0.0
2026-02-16,Mobile,Email,Fixed Deposit,3,3,0,150.33333333333334,0.0
2026-02-16,Mobile,Email,Personal Loan,7,7,2,282.2857142857143,28.57
2026-02-16,Mobile,Email,Savings Account,8,8,0,194.625,0.0
2026-02-16,Mobile,Organic,Credit Card,20,20,3,197.4,15.0
2026-02-16,Mobile,Organic,Fixed Deposit,5,5,1,198.8,20.0
2026-02-16,Mobile,Organic,Personal Loan,17,17,5,227.47058823529412,29.41
2026-02-16,Mobile,Organic,Savings Account,22,22,7,242.4090909090909,31.82
2026-02-16,Mobile,Paid Search,Credit Card,20,20,6,248.25,30.0
2026-02-16,Mobile,Paid Search,Fixed Deposit,11,11,4,260.1818181818182,36.36
2026-02-16,Mobile,Paid Search,Personal Loan,9,9,3,206.66666666666666,33.33
2026-02-16,Mobile,Paid Search,Savings Account,15,15,3,256.3333333333333,20.0
2026-02-16,Mobile,Referral,Credit Card,5,5,2,222.0,40.0
2026-02-16,Mobile,Referral,Fixed Deposit,3,3,1,278.3333333333333,33.33
2026-02-16,Mobile,Referral,Personal Loan,6,6,1,232.66666666666666,16.67
2026-02-16,Mobile,Referral,Savings Account,7,7,2,208.85714285714286,28.57
2026-02-16,Tablet,Direct,Credit Card,1,1,0,352.0,0.0
2026-02-16,Tablet,Direct,Fixed Deposit,1,1,1,237.0,100.0
2026-02-16,Tablet,Direct,Personal Loan,1,1,0,140.0,0.0
2026-02-16,Tablet,Direct,Savings Account,1,1,0,182.0,0.0
2026-02-16,Tablet,Email,Personal Loan,1,1,0,252.0,0.0
2026-02-16,Tablet,Email,Savings Account,2,2,0,62.0,0.0
2026-02-16,Tablet,Organic,Credit Card,2,2,1,344.0,50.0
2026-02-16,Tablet,Organic,Personal Loan,3,3,0,59.666666666666664,0.0
2026-02-16,Tablet,Organic,Savings Account,2,2,0,123.0,0.0
2026-02-16,Tablet,Paid Search,Credit Card,2,2,1,308.5,50.0
2026-02-16,Tablet,Paid Search,Savings Account,1,1,0,194.0,0.0
2026-02-16,Tablet,Referral,Savings Account,1,1,1,198.0,100.0
2026-02-17,Desktop,Direct,Credit Card,13,13,3,220.6153846153846,23.08
2026-02-17,Desktop,Direct,Fixed Deposit,3,3,2,295.0,66.67
2026-02-17,Desktop,Direct,Personal Loan,8,8,5,249.5,62.5
2026-02-17,Desktop,Direct,Savings Account,9,9,3,280.6666666666667,33.33
2026-02-17,Desktop,Email,Credit Card,2,2,0,334.0,0.0
2026-02-17,Desktop,Email,Fixed Deposit,3,3,1,226.66666666666666,33.33
2026-02-17,Desktop,Email,Personal Loan,1,1,1,213.0,100.0
2026-02-17,Desktop,Email,Savings Account,3,3,2,320.6666666666667,66.67
2026-02-17,Desktop,Organic,Credit Card,17,17,8,271.4117647058824,47.06
2026-02-17,Desktop,Organic,Fixed Deposit,8,8,2,225.75,25.0
2026-02-17,Desktop,Organic,Personal Loan,8,8,1,229.375,12.5
2026-02-17,Desktop,Organic,Savings Account,7,7,2,287.2857142857143,28.57
2026-02-17,Desktop,Paid Search,Credit Card,6,6,2,209.83333333333334,33.33
2026-02-17,Desktop,Paid Search,Fixed Deposit,4,4,1,205.75,25.0
2026-02-17,Desktop,Paid Search,Personal Loan,5,5,2,277.6,40.0
2026-02-17,Desktop,Paid Search,Savings Account,7,7,3,291.7142857142857,42.86
2026-02-17,Desktop,Referral,Credit Card,2,2,0,183.5,0.0
2026-02-17,Desktop,Referral,Savings Account,4,4,1,254.75,25.0
2026-02-17,Mobile,Direct,Credit Card,17,17,5,231.64705882352942,29.41
2026-02-17,Mobile,Direct,Fixed Deposit,5,5,3,286.8,60.0
2026-02-17,Mobile,Direct,Personal Loan,15,15,1,199.46666666666667,6.67
2026-02-17,Mobile,Direct,Savings Account,17,17,9,256.29411764705884,52.94
2026-02-17,Mobile,Email,Credit Card,8,8,2,222.625,25.0
2026-02-17,Mobile,Email,Fixed Deposit,5,5,1,204.8,20.0
2026-02-17,Mobile,Email,Personal Loan,9,9,3,279.0,33.33
2026-02-17,Mobile,Email,Savings Account,9,9,2,207.77777777777777,22.22
2026-02-17,Mobile,Organic,Credit Card,9,9,1,206.0,11.11
2026-02-17,Mobile,Organic,Fixed Deposit,8,8,1,235.25,12.5
2026-02-17,Mobile,Organic,Personal Loan,11,11,0,191.0,0.0
2026-02-17,Mobile,Organic,Savings Account,16,16,5,206.875,31.25
2026-02-17,Mobile,Paid Search,Credit Card,14,14,4,232.78571428571428,28.57
2026-02-17,Mobile,Paid Search,Fixed Deposit,13,13,0,181.76923076923077,0.0
2026-02-17,Mobile,Paid Search,Personal Loan,9,9,1,241.0,11.11
2026-02-17,Mobile,Paid Search,Savings Account,16,16,3,251.75,18.75
2026-02-17,Mobile,Referral,Credit Card,3,3,2,398.6666666666667,66.67
2026-02-17,Mobile,Referral,Fixed Deposit,3,3,1,286.6666666666667,33.33
2026-02-17,Mobile,Referral,Personal Loan,4,4,2,330.5,50.0
2026-02-17,Mobile,Referral,Savings Account,5,5,1,270.0,20.0
2026-02-17,Tablet,Direct,Credit Card,2,2,1,308.0,50.0
2026-02-17,Tablet,Direct,Fixed Deposit,1,1,0,253.0,0.0
2026-02-17,Tablet,Direct,Personal Loan,2,2,0,148.5,0.0
2026-02-17,Tablet,Email,Credit Card,1,1,0,286.0,0.0
2026-02-17,Tablet,Email,Fixed Deposit,1,1,1,420.0,100.0
2026-02-17,Tablet,Email,Savings Account,1,1,0,117.0,0.0
2026-02-17,Tablet,Organic,Fixed Deposit,1,1,0,104.0,0.0
2026-02-17,Tablet,Organic,Savings Account,4,4,0,149.75,0.0
2026-02-17,Tablet,Paid Search,Credit Card,2,2,0,332.5,0.0
2026-02-17,Tablet,Paid Search,Fixed Deposit,1,1,0,259.0,0.0
2026-02-17,Tablet,Paid Search,Savings Account,1,1,0,330.0,0.0
2026-02-17,Tablet,Referral,Credit Card,1,1,0,430.0,0.0
2026-02-17,Tablet,Referral,Savings Account,1,1,1,385.0,100.0
2026-02-18,Desktop,Direct,Credit Card,9,9,1,236.22222222222223,11.11
2026-02-18,Desktop,Direct,Fixed Deposit,4,4,1,274.75,25.0
2026-02-18,Desktop,Direct,Personal Loan,3,3,2,464.6666666666667,66.67
2026-02-18,Desktop,Direct,Savings Account,16,16,3,250.5625,18.75
2026-02-18,Desktop,Email,Credit Card,1,1,1,253.0,100.0
2026-02-18,Desktop,Email,Fixed Deposit,1,1,0,293.0,0.0
2026-02-18,Desktop,Email,Personal Loan,2,2,0,276.5,0.0
2026-02-18,Desktop,Email,Savings Account,9,9,2,182.0,22.22
2026-02-18,Desktop,Organic,Credit Card,10,10,5,294.4,50.0
2026-02-18,Desktop,Organic,Fixed Deposit,2,2,0,126.5,0.0
2026-02-18,Desktop,Organic,Personal Loan,7,7,1,242.42857142857142,14.29
2026-02-18,Desktop,Organic,Savings Account,8,8,5,288.125,62.5
2026-02-18,Desktop,Paid Search,Credit Card,3,3,0,298.6666666666667,0.0
2026-02-18,Desktop,Paid Search,Fixed Deposit,2,2,0,125.0,0.0
2026-02-18,Desktop,Paid Search,Personal Loan,4,4,1,193.75,25.0
2026-02-18,Desktop,Paid Search,Savings Account,14,14,5,268.85714285714283,35.71
2026-02-18,Desktop,Referral,Credit Card,3,3,1,269.3333333333333,33.33
2026-02-18,Desktop,Referral,Fixed Deposit,3,3,2,381.6666666666667,66.67
2026-02-18,Desktop,Referral,Personal Loan,2,2,0,240.5,0.0
2026-02-18,Desktop,Referral,Savings Account,1,1,0,347.0,0.0
2026-02-18,Mobile,Direct,Credit Card,19,19,4,209.0,21.05
2026-02-18,Mobile,Direct,Fixed Deposit,10,10,3,252.0,30.0
2026-02-18,Mobile,Direct,Personal Loan,13,13,4,234.30769230769232,30.77
2026-02-18,Mobile,Direct,Savings Account,14,14,5,236.5,35.71
2026-02-18,Mobile,Email,Credit Card,4,4,0,299.25,0.0
2026-02-18,Mobile,Email,Fixed Deposit,5,5,2,285.6,40.0
2026-02-18,Mobile,Email,Personal Loan,3,3,1,213.66666666666666,33.33
2026-02-18,Mobile,Email,Savings Account,8,8,2,288.25,25.0
2026-02-18,Mobile,Organic,Credit Card,15,15,3,196.53333333333333,20.0
2026-02-18,Mobile,Organic,Fixed Deposit,11,11,2,215.0909090909091,18.18
2026-02-18,Mobile,Organic,Personal Loan,12,12,1,228.41666666666666,8.33
2026-02-18,Mobile,Organic,Savings Account,22,22,5,212.0909090909091,22.73
2026-02-18,Mobile,Paid Search,Credit Card,21,21,5,192.0,23.81
2026-02-18,Mobile,Paid Search,Fixed Deposit,12,12,3,243.66666666666666,25.0
2026-02-18,Mobile,Paid Search,Personal Loan,6,6,0,188.66666666666666,0.0
2026-02-18,Mobile,Paid Search,Savings Account,14,14,2,184.64285714285714,14.29
2026-02-18,Mobile,Referral,Credit Card,13,13,3,194.23076923076923,23.08
2026-02-18,Mobile,Referral,Fixed Deposit,2,2,1,318.0,50.0
2026-02-18,Mobile,Referral,Personal Loan,1,1,0,405.0,0.0
2026-02-18,Mobile,Referral,Savings Account,9,9,2,264.3333333333333,22.22
2026-02-18,Tablet,Direct,Credit Card,2,2,0,136.5,0.0
2026-02-18,Tablet,Direct,Personal Loan,3,3,1,272.0,33.33
2026-02-18,Tablet,Direct,Savings Account,1,1,1,291.0,100.0
2026-02-18,Tablet,Email,Credit Card,1,1,0,336.0,0.0
2026-02-18,Tablet,Email,Personal Loan,1,1,0,72.0,0.0
2026-02-18,Tablet,Email,Savings Account,1,1,1,236.0,100.0
2026-02-18,Tablet,Organic,Savings Account,2,2,1,287.5,50.0
2026-02-18,Tablet,Referral,Credit Card,1,1,0,133.0,0.0
2026-02-18,Tablet,Referral,Fixed Deposit,1,1,0,184.0,0.0
2026-02-18,Tablet,Referral,Personal Loan,2,2,0,157.0,0.0
2026-02-18,Tablet,Referral,Savings Account,1,1,1,266.0,100.0
2026-02-19,Desktop,Direct,Credit Card,8,8,2,322.75,25.0
2026-02-19,Desktop,Direct,Fixed Deposit,2,2,0,151.5,0.0
2026-02-19,Desktop,Direct,Personal Loan,9,9,3,248.0,33.33
2026-02-19,Desktop,Direct,Savings Account,4,4,2,241.5,50.0
2026-02-19,Desktop,Email,Credit Card,2,2,1,325.5,50.0
2026-02-19,Desktop,Email,Savings Account,3,3,3,292.3333333333333,100.0
2026-02-19,Desktop,Organic,Credit Card,8,8,0,205.75,0.0
2026-02-19,Desktop,Organic,Personal Loan,6,6,1,226.66666666666666,16.67
2026-02-19,Desktop,Organic,Savings Account,5,5,1,296.2,20.0
2026-02-19,Desktop,Paid Search,Credit Card,9,9,2,258.22222222222223,22.22
2026-02-19,Desktop,Paid Search,Fixed Deposit,4,4,2,276.0,50.0
2026-02-19,Desktop,Paid Search,Personal Loan,2,2,0,205.5,0.0
2026-02-19,Desktop,Paid Search,Savings Account,5,5,2,231.2,40.0
2026-02-19,Desktop,Referral,Credit Card,2,2,2,359.0,100.0
2026-02-19,Desktop,Referral,Personal Loan,2,2,2,330.0,100.0
2026-02-19,Desktop,Referral,Savings Account,3,3,2,337.3333333333333,66.67
2026-02-19,Mobile,Direct,Credit Card,24,24,6,221.875,25.0
2026-02-19,Mobile,Direct,Fixed Deposit,7,7,2,248.57142857142858,28.57
2026-02-19,Mobile,Direct,Personal Loan,9,9,3,261.22222222222223,33.33
2026-02-19,Mobile,Direct,Savings Account,23,23,4,222.43478260869566,17.39
2026-02-19,Mobile,Email,Credit Card,7,7,3,232.14285714285714,42.86
2026-02-19,Mobile,Email,Fixed Deposit,3,3,2,220.66666666666666,66.67
2026-02-19,Mobile,Email,Personal Loan,6,6,1,115.33333333333333,16.67
2026-02-19,Mobile,Email,Savings Account,10,10,4,284.8,40.0
2026-02-19,Mobile,Organic,Credit Card,22,22,4,198.13636363636363,18.18
2026-02-19,Mobile,Organic,Fixed Deposit,10,10,3,207.5,30.0
2026-02-19,Mobile,Organic,Personal Loan,29,29,1,210.9655172413793,3.45
2026-02-19,Mobile,Organic,Savings Account,16,16,2,223.0,12.5
2026-02-19,Mobile,Paid Search,Credit Card,13,13,2,263.0769230769231,15.38
2026-02-19,Mobile,Paid Search,Fixed Deposit,5,5,0,261.6,0.0
2026-02-19,Mobile,Paid Search,Personal Loan,11,11,2,202.27272727272728,18.18
2026-02-19,Mobile,Paid Search,Savings Account,11,11,3,233.27272727272728,27.27
2026-02-19,Mobile,Referral,Credit Card,7,7,1,220.57142857142858,14.29
2026-02-19,Mobile,Referral,Personal Loan,3,3,1,296.3333333333333,33.33
2026-02-19,Mobile,Referral,Savings Account,7,7,1,186.71428571428572,14.29
2026-02-19,Tablet,Direct,Credit Card,1,1,0,230.0,0.0
2026-02-19,Tablet,Direct,Savings Account,1,1,1,436.0,100.0
2026-02-19,Tablet,Email,Fixed Deposit,1,1,1,155.0,100.0
2026-02-19,Tablet,Email,Personal Loan,1,1,0,55.0,0.0
2026-02-19,Tablet,Email,Savings Account,1,1,0,89.0,0.0
2026-02-19,Tablet,Organic,Credit Card,6,6,1,246.83333333333334,16.67
2026-02-19,Tablet,Organic,Fixed Deposit,2,2,1,336.0,50.0
2026-02-19,Tablet,Organic,Personal Loan,3,3,1,185.0,33.33
2026-02-19,Tablet,Organic,Savings Account,2,2,1,180.0,50.0
2026-02-19,Tablet,Paid Search,Credit Card,2,2,0,245.5,0.0
2026-02-19,Tablet,Paid Search,Personal Loan,1,1,0,237.0,0.0
2026-02-19,Tablet,Paid Search,Savings Account,3,3,0,183.66666666666666,0.0
2026-02-19,Tablet,Referral,Credit Card,1,1,0,206.0,0.0
2026-02-19,Tablet,Referral,Savings Account,1,1,0,273.0,0.0
2026-02-20,Desktop,Direct,Credit Card,8,8,2,187.25,25.0
2026-02-20,Desktop,Direct,Personal Loan,6,6,3,282.1666666666667,50.0
2026-02-20,Desktop,Direct,Savings Account,12,12,3,223.33333333333334,25.0
2026-02-20,Desktop,Email,Credit Card,3,3,1,144.0,33.33
2026-02-20,Desktop,Email,Personal Loan,3,3,1,221.66666666666666,33.33
2026-02-20,Desktop,Email,Savings Account,4,4,0,197.5,0.0
2026-02-20,Desktop,Organic,Credit Card,6,6,1,271.1666666666667,16.67
2026-02-20,Desktop,Organic,Fixed Deposit,5,5,2,186.6,40.0
2026-02-20,Desktop,Organic,Personal Loan,11,11,2,201.45454545454547,18.18
2026-02-20,Desktop,Organic,Savings Account,10,10,4,243.1,40.0
2026-02-20,Desktop,Paid Search,Credit Card,7,7,0,113.0,0.0
2026-02-20,Desktop,Paid Search,Fixed Deposit,2,2,0,144.5,0.0
2026-02-20,Desktop,Paid Search,Personal Loan,3,3,2,364.0,66.67
2026-02-20,Desktop,Paid Search,Savings Account,8,8,2,219.625,25.0
2026-02-20,Desktop,Referral,Credit Card,3,3,0,182.33333333333334,0.0
2026-02-20,Desktop,Referral,Fixed Deposit,1,1,0,125.0,0.0
2026-02-20,Desktop,Referral,Personal Loan,1,1,1,254.0,100.0
2026-02-20,Desktop,Referral,Savings Account,3,3,1,215.66666666666666,33.33
2026-02-20,Mobile,Direct,Credit Card,19,19,5,260.2105263157895,26.32
2026-02-20,Mobile,Direct,Fixed Deposit,8,8,0,241.625,0.0
2026-02-20,Mobile,Direct,Personal Loan,10,10,3,225.7,30.0
2026-02-20,Mobile,Direct,Savings Account,18,18,4,212.72222222222223,22.22
2026-02-20,Mobile,Email,Credit Card,8,8,4,294.375,50.0
2026-02-20,Mobile,Email,Fixed Deposit,6,6,2,290.8333333333333,33.33
2026-02-20,Mobile,Email,Personal Loan,6,6,0,159.66666666666666,0.0
2026-02-20,Mobile,Email,Savings Account,11,11,1,183.1818181818182,9.09
2026-02-20,Mobile,Organic,Credit Card,13,13,3,211.0,23.08
2026-02-20,Mobile,Organic,Fixed Deposit,8,8,1,216.0,12.5
2026-02-20,Mobile,Organic,Personal Loan,15,15,2,220.66666666666666,13.33
2026-02-20,Mobile,Organic,Savings Account,20,20,6,241.1,30.0
2026-02-20,Mobile,Paid Search,Credit Card,14,14,3,225.71428571428572,21.43
2026-02-20,Mobile,Paid Search,Fixed Deposit,5,5,1,278.4,20.0
2026-02-20,Mobile,Paid Search,Personal Loan,5,5,0,231.0,0.0
2026-02-20,Mobile,Paid Search,Savings Account,20,20,4,252.7,20.0
2026-02-20,Mobile,Referral,Credit Card,7,7,0,154.28571428571428,0.0
2026-02-20,Mobile,Referral,Fixed Deposit,3,3,0,272.3333333333333,0.0
2026-02-20,Mobile,Referral,Personal Loan,4,4,0,208.75,0.0
2026-02-20,Mobile,Referral,Savings Account,6,6,2,211.0,33.33
2026-02-20,Tablet,Direct,Personal Loan,2,2,0,149.0,0.0
2026-02-20,Tablet,Direct,Savings Account,3,3,2,213.33333333333334,66.67
2026-02-20,Tablet,Email,Credit Card,1,1,0,146.0,0.0
2026-02-20,Tablet,Email,Fixed Deposit,1,1,0,397.0,0.0
2026-02-20,Tablet,Email,Savings Account,3,3,1,267.0,33.33
2026-02-20,Tablet,Organic,Credit Card,4,4,0,191.75,0.0
2026-02-20,Tablet,Organic,Personal Loan,1,1,1,423.0,100.0
2026-02-20,Tablet,Organic,Savings Account,2,2,0,122.0,0.0
2026-02-20,Tablet,Paid Search,Credit Card,2,2,0,338.0,0.0
2026-02-20,Tablet,Paid Search,Savings Account,2,2,0,139.5,0.0
2026-02-21,Desktop,Direct,Credit Card,9,9,3,238.88888888888889,33.33
2026-02-21,Desktop,Direct,Fixed Deposit,2,2,0,220.5,0.0
2026-02-21,Desktop,Direct,Personal Loan,4,4,1,255.0,25.0
2026-02-21,Desktop,Direct,Savings Account,6,6,2,263.0,33.33
2026-02-21,Desktop,Email,Credit Card,6,6,1,291.1666666666667,16.67
2026-02-21,Desktop,Email,Fixed Deposit,2,2,1,458.0,50.0
2026-02-21,Desktop,Email,Personal Loan,3,3,0,309.6666666666667,0.0
2026-02-21,Desktop,Email,Savings Account,3,3,1,239.0,33.33
2026-02-21,Desktop,Organic,Credit Card,9,9,3,237.11111111111111,33.33
2026-02-21,Desktop,Organic,Fixed Deposit,8,8,0,218.875,0.0
2026-02-21,Desktop,Organic,Personal Loan,3,3,0,134.0,0.0
2026-02-21,Desktop,Organic,Savings Account,13,13,3,266.53846153846155,23.08
2026-02-21,Desktop,Paid Search,Credit Card,3,3,0,152.0,0.0
2026-02-21,Desktop,Paid Search,Fixed Deposit,5,5,1,274.8,20.0
2026-02-21,Desktop,Paid Search,Personal Loan,6,6,4,393.8333333333333,66.67
2026-02-21,Desktop,Paid Search,Savings Account,8,8,2,213.0,25.0
2026-02-21,Desktop,Referral,Credit Card,1,1,0,93.0,0.0
2026-02-21,Desktop,Referral,Personal Loan,6,6,1,251.66666666666666,16.67
2026-02-21,Desktop,Referral,Savings Account,6,6,2,257.8333333333333,33.33
2026-02-21,Mobile,Direct,Credit Card,10,10,2,210.1,20.0
2026-02-21,Mobile,Direct,Fixed Deposit,8,8,2,185.25,25.0
2026-02-21,Mobile,Direct,Personal Loan,12,12,4,213.75,33.33
2026-02-21,Mobile,Direct,Savings Account,26,26,8,255.76923076923077,30.77
2026-02-21,Mobile,Email,Credit Card,17,17,5,213.1764705882353,29.41
2026-02-21,Mobile,Email,Fixed Deposit,4,4,0,157.0,0.0
2026-02-21,Mobile,Email,Personal Loan,2,2,0,168.5,0.0
2026-02-21,Mobile,Email,Savings Account,7,7,4,273.42857142857144,57.14
2026-02-21,Mobile,Organic,Credit Card,15,15,4,223.0,26.67
2026-02-21,Mobile,Organic,Fixed Deposit,8,8,2,217.125,25.0
2026-02-21,Mobile,Organic,Personal Loan,9,9,2,227.88888888888889,22.22
2026-02-21,Mobile,Organic,Savings Account,21,21,5,207.8095238095238,23.81
2026-02-21,Mobile,Paid Search,Credit Card,19,19,3,203.21052631578948,15.79
2026-02-21,Mobile,Paid Search,Fixed Deposit,4,4,0,180.75,0.0
2026-02-21,Mobile,Paid Search,Personal Loan,14,14,3,205.71428571428572,21.43
2026-02-21,Mobile,Paid Search,Savings Account,25,25,7,250.92,28.0
2026-02-21,Mobile,Referral,Credit Card,4,4,1,264.0,25.0
2026-02-21,Mobile,Referral,Fixed Deposit,1,1,0,250.0,0.0
2026-02-21,Mobile,Referral,Personal Loan,6,6,1,233.5,16.67
2026-02-21,Mobile,Referral,Savings Account,4,4,2,243.75,50.0
2026-02-21,Tablet,Direct,Credit Card,3,3,2,333.0,66.67
2026-02-21,Tablet,Direct,Fixed Deposit,2,2,0,203.5,0.0
2026-02-21,Tablet,Direct,Savings Account,3,3,1,239.66666666666666,33.33
2026-02-21,Tablet,Email,Credit Card,1,1,0,129.0,0.0
2026-02-21,Tablet,Organic,Credit Card,4,4,0,181.0,0.0
2026-02-21,Tablet,Organic,Savings Account,1,1,0,107.0,0.0
2026-02-21,Tablet,Paid Search,Personal Loan,1,1,0,398.0,0.0
2026-02-21,Tablet,Paid Search,Savings Account,1,1,1,290.0,100.0
2026-02-21,Tablet,Referral,Personal Loan,1,1,1,358.0,100.0
2026-02-22,Desktop,Direct,Credit Card,9,9,2,163.0,22.22
2026-02-22,Desktop,Direct,Fixed Deposit,2,2,1,209.5,50.0
2026-02-22,Desktop,Direct,Personal Loan,4,4,0,297.0,0.0
2026-02-22,Desktop,Direct,Savings Account,9,9,4,208.33333333333334,44.44
2026-02-22,Desktop,Email,Credit Card,3,3,0,146.33333333333334,0.0
2026-02-22,Desktop,Email,Personal Loan,5,5,3,353.6,60.0
2026-02-22,Desktop,Email,Savings Account,1,1,1,477.0,100.0
2026-02-22,Desktop,Organic,Credit Card,9,9,1,251.11111111111111,11.11
2026-02-22,Desktop,Organic,Fixed Deposit,3,3,1,162.33333333333334,33.33
2026-02-22,Desktop,Organic,Personal Loan,5,5,1,137.6,20.0
2026-02-22,Desktop,Organic,Savings Account,9,9,1,191.88888888888889,11.11
2026-02-22,Desktop,Paid Search,Credit Card,5,5,2,262.0,40.0
2026-02-22,Desktop,Paid Search,Fixed Deposit,2,2,0,177.5,0.0
2026-02-22,Desktop,Paid Search,Personal Loan,4,4,1,229.0,25.0
2026-02-22,Desktop,Paid Search,Savings Account,11,11,3,206.1818181818182,27.27
2026-02-22,Desktop,Referral,Credit Card,3,3,2,319.6666666666667,66.67
2026-02-22,Desktop,Referral,Fixed Deposit,5,5,2,281.4,40.0
2026-02-22,Desktop,Referral,Personal Loan,1,1,0,304.0,0.0
2026-02-22,Desktop,Referral,Savings Account,2,2,0,195.5,0.0
2026-02-22,Mobile,Direct,Credit Card,24,24,8,241.58333333333334,33.33
2026-02-22,Mobile,Direct,Fixed Deposit,9,9,1,232.11111111111111,11.11
2026-02-22,Mobile,Direct,Personal Loan,14,14,6,270.7857142857143,42.86
2026-02-22,Mobile,Direct,Savings Account,18,18,7,278.0,38.89
2026-02-22,Mobile,Email,Credit Card,11,11,2,252.27272727272728,18.18
2026-02-22,Mobile,Email,Fixed Deposit,4,4,1,252.5,25.0
2026-02-22,Mobile,Email,Personal Loan,9,9,1,232.55555555555554,11.11
2026-02-22,Mobile,Email,Savings Account,8,8,2,266.0,25.0
2026-02-22,Mobile,Organic,Credit Card,22,22,6,195.04545454545453,27.27
2026-02-22,Mobile,Organic,Fixed Deposit,7,7,1,175.85714285714286,14.29
2026-02-22,Mobile,Organic,Personal Loan,22,22,3,191.4090909090909,13.64
2026-02-22,Mobile,Organic,Savings Account,17,17,6,240.23529411764707,35.29
2026-02-22,Mobile,Paid Search,Credit Card,18,18,6,231.88888888888889,33.33
2026-02-22,Mobile,Paid Search,Fixed Deposit,9,9,4,302.3333333333333,44.44
2026-02-22,Mobile,Paid Search,Personal Loan,9,9,4,293.0,44.44
2026-02-22,Mobile,Paid Search,Savings Account,21,21,7,262.8095238095238,33.33
2026-02-22,Mobile,Referral,Credit Card,10,10,1,157.2,10.0
2026-02-22,Mobile,Referral,Fixed Deposit,4,4,2,336.5,50.0
2026-02-22,Mobile,Referral,Personal Loan,4,4,3,488.5,75.0
2026-02-22,Mobile,Referral,Savings Account,6,6,2,194.66666666666666,33.33
2026-02-22,Tablet,Direct,Personal Loan,2,2,0,334.0,0.0
2026-02-22,Tablet,Direct,Savings Account,2,2,1,239.5,50.0
2026-02-22,Tablet,Email,Fixed Deposit,1,1,0,136.0,0.0
2026-02-22,Tablet,Email,Personal Loan,1,1,0,95.0,0.0
2026-02-22,Tablet,Email,Savings Account,2,2,0,180.5,0.0
2026-02-22,Tablet,Organic,Credit Card,1,1,0,85.0,0.0
2026-02-22,Tablet,Organic,Personal Loan,1,1,0,443.0,0.0
2026-02-22,Tablet,Organic,Savings Account,4,4,0,171.0,0.0
2026-02-22,Tablet,Paid Search,Credit Card,1,1,0,76.0,0.0
2026-02-22,Tablet,Paid Search,Personal Loan,1,1,1,447.0,100.0
2026-02-22,Tablet,Paid Search,Savings Account,1,1,0,74.0,0.0
2026-02-22,Tablet,Referral,Savings Account,1,1,0,105.0,0.0
2026-02-23,Desktop,Direct,Credit Card,10,10,4,253.3,40.0
2026-02-23,Desktop,Direct,Fixed Deposit,8,8,1,253.75,12.5
2026-02-23,Desktop,Direct,Personal Loan,10,10,1,200.1,10.0
2026-02-23,Desktop,Direct,Savings Account,5,5,2,192.2,40.0
2026-02-23,Desktop,Email,Credit Card,3,3,1,261.6666666666667,33.33
2026-02-23,Desktop,Email,Fixed Deposit,2,2,0,260.0,0.0
2026-02-23,Desktop,Email,Personal Loan,1,1,0,90.0,0.0
2026-02-23,Desktop,Email,Savings Account,6,6,1,191.66666666666666,16.67
2026-02-23,Desktop,Organic,Credit Card,12,12,4,285.5833333333333,33.33
2026-02-23,Desktop,Organic,Fixed Deposit,4,4,2,281.75,50.0
2026-02-23,Desktop,Organic,Personal Loan,7,7,3,267.85714285714283,42.86
2026-02-23,Desktop,Organic,Savings Account,9,9,2,242.77777777777777,22.22
2026-02-23,Desktop,Paid Search,Credit Card,4,4,2,221.75,50.0
2026-02-23,Desktop,Paid Search,Fixed Deposit,4,4,1,191.25,25.0
2026-02-23,Desktop,Paid Search,Personal Loan,7,7,3,327.85714285714283,42.86
2026-02-23,Desktop,Paid Search,Savings Account,12,12,3,289.25,25.0
2026-02-23,Desktop,Referral,Credit Card,3,3,0,257.3333333333333,0.0
2026-02-23,Desktop,Referral,Fixed Deposit,1,1,0,203.0,0.0
2026-02-23,Desktop,Referral,Savings Account,3,3,1,226.66666666666666,33.33
2026-02-23,Mobile,Direct,Credit Card,16,16,0,206.75,0.0
2026-02-23,Mobile,Direct,Fixed Deposit,8,8,4,293.875,50.0
2026-02-23,Mobile,Direct,Personal Loan,10,10,2,194.2,20.0
2026-02-23,Mobile,Direct,Savings Account,19,19,7,275.4736842105263,36.84
2026-02-23,Mobile,Email,Credit Card,7,7,2,288.57142857142856,28.57
2026-02-23,Mobile,Email,Fixed Deposit,2,2,0,357.0,0.0
2026-02-23,Mobile,Email,Personal Loan,9,9,1,336.6666666666667,11.11
2026-02-23,Mobile,Email,Savings Account,7,7,3,247.85714285714286,42.86
2026-02-23,Mobile,Organic,Credit Card,20,20,2,199.75,10.0
2026-02-23,Mobile,Organic,Fixed Deposit,9,9,0,176.55555555555554,0.0
2026-02-23,Mobile,Organic,Personal Loan,12,12,5,279.75,41.67
2026-02-23,Mobile,Organic,Savings Account,23,23,7,210.43478260869566,30.43
2026-02-23,Mobile,Paid Search,Credit Card,13,13,1,200.92307692307693,7.69
2026-02-23,Mobile,Paid Search,Fixed Deposit,5,5,2,208.2,40.0
2026-02-23,Mobile,Paid Search,Personal Loan,12,12,2,200.33333333333334,16.67
2026-02-23,Mobile,Paid Search,Savings Account,10,10,2,206.4,20.0
2026-02-23,Mobile,Referral,Credit Card,4,4,1,210.25,25.0
2026-02-23,Mobile,Referral,Fixed Deposit,5,5,0,286.2,0.0
2026-02-23,Mobile,Referral,Personal Loan,5,5,0,128.4,0.0
2026-02-23,Mobile,Referral,Savings Account,4,4,0,213.75,0.0
2026-02-23,Tablet,Direct,Credit Card,3,3,0,158.66666666666666,0.0
2026-02-23,Tablet,Direct,Personal Loan,4,4,1,296.5,25.0
2026-02-23,Tablet,Direct,Savings Account,1,1,0,78.0,0.0
2026-02-23,Tablet,Organic,Credit Card,1,1,1,303.0,100.0
2026-02-23,Tablet,Organic,Personal Loan,4,4,1,256.25,25.0
2026-02-23,Tablet,Organic,Savings Account,2,2,1,323.5,50.0
2026-02-23,Tablet,Paid Search,Credit Card,1,1,0,136.0,0.0
2026-02-23,Tablet,Paid Search,Personal Loan,3,3,0,159.66666666666666,0.0
2026-02-23,Tablet,Paid Search,Savings Account,1,1,0,354.0,0.0
2026-02-23,Tablet,Referral,Credit Card,1,1,0,196.0,0.0
2026-02-24,Desktop,Direct,Credit Card,13,13,5,269.0,38.46
2026-02-24,Desktop,Direct,Personal Loan,6,6,1,249.5,16.67
2026-02-24,Desktop,Direct,Savings Account,7,7,2,303.0,28.57
2026-02-24,Desktop,Email,Credit Card,2,2,1,370.5,50.0
2026-02-24,Desktop,Email,Fixed Deposit,6,6,1,254.16666666666666,16.67
2026-02-24,Desktop,Email,Personal Loan,4,4,1,209.25,25.0
2026-02-24,Desktop,Email,Savings Account,1,1,0,259.0,0.0
2026-02-24,Desktop,Organic,Credit Card,8,8,1,222.75,12.5
2026-02-24,Desktop,Organic,Fixed Deposit,4,4,1,256.0,25.0
2026-02-24,Desktop,Organic,Personal Loan,5,5,1,213.0,20.0
2026-02-24,Desktop,Organic,Savings Account,11,11,3,245.45454545454547,27.27
2026-02-24,Desktop,Paid Search,Credit Card,5,5,1,230.0,20.0
2026-02-24,Desktop,Paid Search,Fixed Deposit,1,1,1,333.0,100.0
2026-02-24,Desktop,Paid Search,Personal Loan,4,4,2,211.25,50.0
2026-02-24,Desktop,Paid Search,Savings Account,5,5,3,278.6,60.0
2026-02-24,Desktop,Referral,Credit Card,5,5,0,166.4,0.0
2026-02-24,Desktop,Referral,Fixed Deposit,1,1,0,181.0,0.0
2026-02-24,Desktop,Referral,Personal Loan,2,2,1,192.5,50.0
2026-02-24,Desktop,Referral,Savings Account,3,3,0,189.0,0.0
2026-02-24,Mobile,Direct,Credit Card,17,17,2,220.11764705882354,11.76
2026-02-24,Mobile,Direct,Fixed Deposit,3,3,0,254.33333333333334,0.0
2026-02-24,Mobile,Direct,Personal Loan,12,12,2,232.91666666666666,16.67
2026-02-24,Mobile,Direct,Savings Account,18,18,6,236.66666666666666,33.33
2026-02-24,Mobile,Email,Credit Card,10,10,2,233.7,20.0
2026-02-24,Mobile,Email,Fixed Deposit,5,5,0,127.0,0.0
2026-02-24,Mobile,Email,Personal Loan,7,7,2,330.85714285714283,28.57
2026-02-24,Mobile,Email,Savings Account,13,13,3,263.15384615384613,23.08
2026-02-24,Mobile,Organic,Credit Card,20,20,3,194.65,15.0
2026-02-24,Mobile,Organic,Fixed Deposit,17,17,6,212.58823529411765,35.29
2026-02-24,Mobile,Organic,Personal Loan,13,13,1,213.15384615384616,7.69
2026-02-24,Mobile,Organic,Savings Account,19,19,7,261.5263157894737,36.84
2026-02-24,Mobile,Paid Search,Credit Card,13,13,3,241.69230769230768,23.08
2026-02-24,Mobile,Paid Search,Fixed Deposit,4,4,2,328.0,50.0
2026-02-24,Mobile,Paid Search,Personal Loan,11,11,1,221.1818181818182,9.09
2026-02-24,Mobile,Paid Search,Savings Account,18,18,6,232.66666666666666,33.33
2026-02-24,Mobile,Referral,Credit Card,6,6,1,213.0,16.67
2026-02-24,Mobile,Referral,Fixed Deposit,1,1,0,375.0,0.0
2026-02-24,Mobile,Referral,Personal Loan,4,4,0,168.75,0.0
2026-02-24,Mobile,Referral,Savings Account,6,6,0,193.83333333333334,0.0
2026-02-24,Tablet,Direct,Credit Card,1,1,0,61.0,0.0
2026-02-24,Tablet,Direct,Personal Loan,1,1,0,117.0,0.0
2026-02-24,Tablet,Direct,Savings Account,1,1,1,288.0,100.0
2026-02-24,Tablet,Email,Credit Card,1,1,1,247.0,100.0
2026-02-24,Tablet,Organic,Credit Card,3,3,2,393.6666666666667,66.67
2026-02-24,Tablet,Organic,Personal Loan,1,1,0,129.0,0.0
2026-02-24,Tablet,Organic,Savings Account,2,2,0,168.5,0.0
2026-02-24,Tablet,Paid Search,Credit Card,1,1,0,379.0,0.0
2026-02-24,Tablet,Paid Search,Fixed Deposit,5,5,2,257.0,40.0
2026-02-24,Tablet,Paid Search,Savings Account,2,2,0,299.0,0.0
2026-02-24,Tablet,Referral,Credit Card,2,2,0,125.5,0.0
2026-02-24,Tablet,Referral,Fixed Deposit,1,1,0,117.0,0.0
2026-02-25,Desktop,Direct,Credit Card,4,4,3,355.0,75.0
2026-02-25,Desktop,Direct,Fixed Deposit,4,4,1,250.5,25.0
2026-02-25,Desktop,Direct,Personal Loan,7,7,2,307.14285714285717,28.57
2026-02-25,Desktop,Direct,Savings Account,6,6,4,246.66666666666666,66.67
2026-02-25,Desktop,Email,Credit Card,4,4,3,416.25,75.0
2026-02-25,Desktop,Email,Personal Loan,4,4,0,147.0,0.0
2026-02-25,Desktop,Email,Savings Account,7,7,1,198.71428571428572,14.29
2026-02-25,Desktop,Organic,Credit Card,9,9,1,281.77777777777777,11.11
2026-02-25,Desktop,Organic,Fixed Deposit,4,4,1,221.5,25.0
2026-02-25,Desktop,Organic,Personal Loan,8,8,0,163.875,0.0
2026-02-25,Desktop,Organic,Savings Account,10,10,2,288.7,20.0
2026-02-25,Desktop,Paid Search,Credit Card,7,7,3,259.57142857142856,42.86
2026-02-25,Desktop,Paid Search,Fixed Deposit,3,3,1,203.33333333333334,33.33
2026-02-25,Desktop,Paid Search,Personal Loan,8,8,1,214.125,12.5
2026-02-25,Desktop,Paid Search,Savings Account,4,4,1,204.0,25.0
2026-02-25,Desktop,Referral,Credit Card,1,1,0,73.0,0.0
2026-02-25,Desktop,Referral,Fixed Deposit,1,1,0,96.0,0.0
2026-02-25,Desktop,Referral,Personal Loan,2,2,0,232.5,0.0
2026-02-25,Desktop,Referral,Savings Account,2,2,0,100.0,0.0
2026-02-25,Mobile,Direct,Credit Card,23,23,4,219.6086956521739,17.39
2026-02-25,Mobile,Direct,Fixed Deposit,11,11,3,231.1818181818182,27.27
2026-02-25,Mobile,Direct,Personal Loan,15,15,2,191.66666666666666,13.33
2026-02-25,Mobile,Direct,Savings Account,24,24,7,229.95833333333334,29.17
2026-02-25,Mobile,Email,Credit Card,11,11,1,197.0,9.09
2026-02-25,Mobile,Email,Fixed Deposit,5,5,2,217.2,40.0
2026-02-25,Mobile,Email,Personal Loan,2,2,2,462.0,100.0
2026-02-25,Mobile,Email,Savings Account,16,16,6,236.1875,37.5
2026-02-25,Mobile,Organic,Credit Card,22,22,6,237.5,27.27
2026-02-25,Mobile,Organic,Fixed Deposit,8,8,2,247.375,25.0
2026-02-25,Mobile,Organic,Personal Loan,12,12,2,243.33333333333334,16.67
2026-02-25,Mobile,Organic,Savings Account,26,26,8,252.76923076923077,30.77
2026-02-25,Mobile,Paid Search,Credit Card,14,14,5,231.42857142857142,35.71
2026-02-25,Mobile,Paid Search,Fixed Deposit,9,9,3,327.44444444444446,33.33
2026-02-25,Mobile,Paid Search,Personal Loan,10,10,4,238.1,40.0
2026-02-25,Mobile,Paid Search,Savings Account,11,11,4,268.54545454545456,36.36
2026-02-25,Mobile,Referral,Credit Card,5,5,1,178.0,20.0
2026-02-25,Mobile,Referral,Fixed Deposit,3,3,0,253.33333333333334,0.0
2026-02-25,Mobile,Referral,Personal Loan,6,6,1,253.5,16.67
2026-02-25,Mobile,Referral,Savings Account,5,5,3,282.4,60.0
2026-02-25,Tablet,Direct,Fixed Deposit,1,1,1,377.0,100.0
2026-02-25,Tablet,Direct,Personal Loan,2,2,1,244.0,50.0
2026-02-25,Tablet,Direct,Savings Account,2,2,1,260.0,50.0
2026-02-25,Tablet,Email,Personal Loan,2,2,0,234.0,0.0
2026-02-25,Tablet,Organic,Credit Card,3,3,0,142.66666666666666,0.0
2026-02-25,Tablet,Organic,Fixed Deposit,1,1,0,360.0,0.0
2026-02-25,Tablet,Organic,Personal Loan,2,2,1,245.0,50.0
2026-02-25,Tablet,Organic,Savings Account,1,1,0,95.0,0.0
2026-02-25,Tablet,Paid Search,Credit Card,1,1,0,217.0,0.0
2026-02-25,Tablet,Paid Search,Personal Loan,1,1,0,470.0,0.0
2026-02-25,Tablet,Paid Search,Savings Account,3,3,2,233.66666666666666,66.67
2026-02-26,Desktop,Direct,Credit Card,5,5,2,264.2,40.0
2026-02-26,Desktop,Direct,Fixed Deposit,6,6,1,212.33333333333334,16.67
2026-02-26,Desktop,Direct,Personal Loan,3,3,0,212.0,0.0
2026-02-26,Desktop,Direct,Savings Account,10,10,4,278.9,40.0
2026-02-26,Desktop,Email,Credit Card,5,5,2,206.2,40.0
2026-02-26,Desktop,Email,Fixed Deposit,3,3,1,224.0,33.33
2026-02-26,Desktop,Email,Personal Loan,3,3,0,289.6666666666667,0.0
2026-02-26,Desktop,Email,Savings Account,5,5,2,242.4,40.0
2026-02-26,Desktop,Organic,Credit Card,5,5,1,273.0,20.0
2026-02-26,Desktop,Organic,Fixed Deposit,6,6,3,286.6666666666667,50.0
2026-02-26,Desktop,Organic,Personal Loan,5,5,1,240.4,20.0
2026-02-26,Desktop,Organic,Savings Account,10,10,2,216.3,20.0
2026-02-26,Desktop,Paid Search,Credit Card,7,7,1,251.57142857142858,14.29
2026-02-26,Desktop,Paid Search,Fixed Deposit,2,2,0,436.5,0.0
2026-02-26,Desktop,Paid Search,Personal Loan,2,2,1,305.5,50.0
2026-02-26,Desktop,Paid Search,Savings Account,10,10,2,250.8,20.0
2026-02-26,Desktop,Referral,Credit Card,2,2,1,213.0,50.0
2026-02-26,Desktop,Referral,Fixed Deposit,1,1,1,388.0,100.0
2026-02-26,Desktop,Referral,Personal Loan,2,2,0,265.5,0.0
2026-02-26,Desktop,Referral,Savings Account,3,3,2,220.66666666666666,66.67
2026-02-26,Mobile,Direct,Credit Card,19,19,2,234.1578947368421,10.53
2026-02-26,Mobile,Direct,Fixed Deposit,10,10,3,230.6,30.0
2026-02-26,Mobile,Direct,Personal Loan,17,17,6,271.88235294117646,35.29
2026-02-26,Mobile,Direct,Savings Account,19,19,5,229.6315789473684,26.32
2026-02-26,Mobile,Email,Credit Card,10,10,4,252.4,40.0
2026-02-26,Mobile,Email,Fixed Deposit,5,5,0,223.2,0.0
2026-02-26,Mobile,Email,Personal Loan,5,5,1,276.8,20.0
2026-02-26,Mobile,Email,Savings Account,6,6,2,269.3333333333333,33.33
2026-02-26,Mobile,Organic,Credit Card,30,30,6,212.3,20.0
2026-02-26,Mobile,Organic,Fixed Deposit,12,12,0,139.75,0.0
2026-02-26,Mobile,Organic,Personal Loan,14,14,5,266.2142857142857,35.71
2026-02-26,Mobile,Organic,Savings Account,23,23,4,222.30434782608697,17.39
2026-02-26,Mobile,Paid Search,Credit Card,14,14,3,219.78571428571428,21.43
2026-02-26,Mobile,Paid Search,Fixed Deposit,4,4,0,221.75,0.0
2026-02-26,Mobile,Paid Search,Personal Loan,12,12,1,257.6666666666667,8.33
2026-02-26,Mobile,Paid Search,Savings Account,10,10,4,274.8,40.0
2026-02-26,Mobile,Referral,Credit Card,8,8,1,137.25,12.5
2026-02-26,Mobile,Referral,Fixed Deposit,3,3,0,65.33333333333333,0.0
2026-02-26,Mobile,Referral,Personal Loan,2,2,1,142.0,50.0
2026-02-26,Mobile,Referral,Savings Account,4,4,1,186.0,25.0
2026-02-26,Tablet,Direct,Credit Card,3,3,0,172.33333333333334,0.0
2026-02-26,Tablet,Direct,Fixed Deposit,1,1,0,112.0,0.0
2026-02-26,Tablet,Direct,Savings Account,4,4,2,360.0,50.0
2026-02-26,Tablet,Email,Credit Card,2,2,1,315.0,50.0
2026-02-26,Tablet,Email,Fixed Deposit,1,1,0,68.0,0.0
2026-02-26,Tablet,Organic,Credit Card,3,3,1,294.0,33.33
2026-02-26,Tablet,Organic,Personal Loan,1,1,0,72.0,0.0
2026-02-26,Tablet,Organic,Savings Account,1,1,1,348.0,100.0
2026-02-26,Tablet,Paid Search,Credit Card,3,3,0,77.66666666666667,0.0
2026-02-26,Tablet,Paid Search,Fixed Deposit,1,1,0,31.0,0.0
2026-02-26,Tablet,Paid Search,Personal Loan,1,1,0,100.0,0.0
2026-02-26,Tablet,Paid Search,Savings Account,2,2,0,220.0,0.0
2026-02-26,Tablet,Referral,Personal Loan,1,1,0,20.0,0.0
2026-02-26,Tablet,Referral,Savings Account,1,1,1,343.0,100.0
2026-02-27,Desktop,Direct,Credit Card,4,4,1,193.25,25.0
2026-02-27,Desktop,Direct,Fixed Deposit,4,4,0,140.0,0.0
2026-02-27,Desktop,Direct,Savings Account,8,8,5,311.75,62.5
2026-02-27,Desktop,Email,Credit Card,1,1,0,119.0,0.0
2026-02-27,Desktop,Email,Fixed Deposit,2,2,0,384.0,0.0
2026-02-27,Desktop,Email,Personal Loan,1,1,0,256.0,0.0
2026-02-27,Desktop,Email,Savings Account,4,4,2,311.0,50.0
2026-02-27,Desktop,Organic,Credit Card,7,7,2,249.57142857142858,28.57
2026-02-27,Desktop,Organic,Fixed Deposit,2,2,0,203.5,0.0
2026-02-27,Desktop,Organic,Personal Loan,4,4,1,245.75,25.0
2026-02-27,Desktop,Organic,Savings Account,5,5,0,247.2,0.0
2026-02-27,Desktop,Paid Search,Credit Card,5,5,0,202.6,0.0
2026-02-27,Desktop,Paid Search,Fixed Deposit,4,4,0,187.75,0.0
2026-02-27,Desktop,Paid Search,Personal Loan,7,7,3,224.42857142857142,42.86
2026-02-27,Desktop,Paid Search,Savings Account,8,8,3,253.875,37.5
2026-02-27,Desktop,Referral,Credit Card,5,5,3,345.6,60.0
2026-02-27,Desktop,Referral,Personal Loan,1,1,1,213.0,100.0
2026-02-27,Desktop,Referral,Savings Account,2,2,1,242.5,50.0
2026-02-27,Mobile,Direct,Credit Card,14,14,7,265.85714285714283,50.0
2026-02-27,Mobile,Direct,Fixed Deposit,7,7,0,209.42857142857142,0.0
2026-02-27,Mobile,Direct,Personal Loan,8,8,3,288.125,37.5
2026-02-27,Mobile,Direct,Savings Account,13,13,2,200.69230769230768,15.38
2026-02-27,Mobile,Email,Credit Card,3,3,2,222.66666666666666,66.67
2026-02-27,Mobile,Email,Fixed Deposit,3,3,2,267.0,66.67
2026-02-27,Mobile,Email,Personal Loan,10,10,3,195.4,30.0
2026-02-27,Mobile,Email,Savings Account,9,9,4,239.77777777777777,44.44
2026-02-27,Mobile,Organic,Credit Card,20,20,4,216.05,20.0
2026-02-27,Mobile,Organic,Fixed Deposit,7,7,2,285.0,28.57
2026-02-27,Mobile,Organic,Personal Loan,11,11,0,183.36363636363637,0.0
2026-02-27,Mobile,Organic,Savings Account,20,20,8,264.65,40.0
2026-02-27,Mobile,Paid Search,Credit Card,15,15,1,143.6,6.67
2026-02-27,Mobile,Paid Search,Fixed Deposit,5,5,0,212.6,0.0
2026-02-27,Mobile,Paid Search,Personal Loan,9,9,2,249.77777777777777,22.22
2026-02-27,Mobile,Paid Search,Savings Account,17,17,6,261.5882352941176,35.29
2026-02-27,Mobile,Referral,Credit Card,7,7,2,199.85714285714286,28.57
2026-02-27,Mobile,Referral,Fixed Deposit,4,4,0,126.5,0.0
2026-02-27,Mobile,Referral,Personal Loan,4,4,2,280.0,50.0
2026-02-27,Mobile,Referral,Savings Account,3,3,0,241.0,0.0
2026-02-27,Tablet,Direct,Credit Card,2,2,0,275.0,0.0
2026-02-27,Tablet,Direct,Fixed Deposit,1,1,0,120.0,0.0
2026-02-27,Tablet,Direct,Personal Loan,4,4,0,133.0,0.0
2026-02-27,Tablet,Email,Credit Card,1,1,0,206.0,0.0
2026-02-27,Tablet,Email,Personal Loan,1,1,0,104.0,0.0
2026-02-27,Tablet,Email,Savings Account,2,2,0,181.0,0.0
2026-02-27,Tablet,Organic,Fixed Deposit,1,1,0,153.0,0.0
2026-02-27,Tablet,Organic,Personal Loan,2,2,0,102.0,0.0
2026-02-27,Tablet,Organic,Savings Account,2,2,1,305.0,50.0
2026-02-27,Tablet,Paid Search,Credit Card,1,1,0,242.0,0.0
2026-02-27,Tablet,Paid Search,Personal Loan,2,2,1,254.0,50.0
2026-02-27,Tablet,Paid Search,Savings Account,2,2,0,49.5,0.0
2026-02-27,Tablet,Referral,Fixed Deposit,1,1,0,139.0,0.0
2026-02-27,Tablet,Referral,Personal Loan,1,1,0,171.0,0.0
2026-02-28,Desktop,Direct,Credit Card,9,9,4,267.3333333333333,44.44
2026-02-28,Desktop,Direct,Fixed Deposit,3,3,1,314.6666666666667,33.33
2026-02-28,Desktop,Direct,Personal Loan,5,5,2,262.2,40.0
2026-02-28,Desktop,Direct,Savings Account,8,8,1,238.375,12.5
2026-02-28,Desktop,Email,Credit Card,1,1,1,453.0,100.0
2026-02-28,Desktop,Email,Fixed Deposit,3,3,3,337.3333333333333,100.0
2026-02-28,Desktop,Email,Personal Loan,3,3,1,227.0,33.33
2026-02-28,Desktop,Email,Savings Account,3,3,0,178.33333333333334,0.0
2026-02-28,Desktop,Organic,Credit Card,9,9,2,249.88888888888889,22.22
2026-02-28,Desktop,Organic,Fixed Deposit,5,5,2,244.6,40.0
2026-02-28,Desktop,Organic,Personal Loan,9,9,2,233.0,22.22
2026-02-28,Desktop,Organic,Savings Account,7,7,1,207.42857142857142,14.29
2026-02-28,Desktop,Paid Search,Credit Card,7,7,2,195.14285714285714,28.57
2026-02-28,Desktop,Paid Search,Fixed Deposit,3,3,2,262.6666666666667,66.67
2026-02-28,Desktop,Paid Search,Personal Loan,4,4,1,134.25,25.0
2026-02-28,Desktop,Paid Search,Savings Account,6,6,2,255.83333333333334,33.33
2026-02-28,Desktop,Referral,Credit Card,3,3,2,252.33333333333334,66.67
2026-02-28,Desktop,Referral,Fixed Deposit,1,1,1,382.0,100.0
2026-02-28,Desktop,Referral,Personal Loan,5,5,2,192.2,40.0
2026-02-28,Desktop,Referral,Savings Account,3,3,0,178.66666666666666,0.0
2026-02-28,Mobile,Direct,Credit Card,20,20,5,246.45,25.0
2026-02-28,Mobile,Direct,Fixed Deposit,8,8,2,211.125,25.0
2026-02-28,Mobile,Direct,Personal Loan,17,17,6,243.2941176470588,35.29
2026-02-28,Mobile,Direct,Savings Account,18,18,5,260.05555555555554,27.78
2026-02-28,Mobile,Email,Credit Card,12,12,2,242.5,16.67
2026-02-28,Mobile,Email,Fixed Deposit,4,4,2,215.25,50.0
2026-02-28,Mobile,Email,Personal Loan,6,6,2,220.66666666666666,33.33
2026-02-28,Mobile,Email,Savings Account,9,9,3,274.22222222222223,33.33
2026-02-28,Mobile,Organic,Credit Card,22,22,7,255.77272727272728,31.82
2026-02-28,Mobile,Organic,Fixed Deposit,7,7,0,134.28571428571428,0.0
2026-02-28,Mobile,Organic,Personal Loan,16,16,5,217.5625,31.25
2026-02-28,Mobile,Organic,Savings Account,18,18,6,218.66666666666666,33.33
2026-02-28,Mobile,Paid Search,Credit Card,16,16,1,192.9375,6.25
2026-02-28,Mobile,Paid Search,Fixed Deposit,7,7,1,219.85714285714286,14.29
2026-02-28,Mobile,Paid Search,Personal Loan,11,11,0,215.63636363636363,0.0
2026-02-28,Mobile,Paid Search,Savings Account,10,10,3,202.4,30.0
2026-02-28,Mobile,Referral,Credit Card,7,7,0,174.71428571428572,0.0
2026-02-28,Mobile,Referral,Fixed Deposit,3,3,0,203.0,0.0
2026-02-28,Mobile,Referral,Personal Loan,2,2,0,267.0,0.0
2026-02-28,Mobile,Referral,Savings Account,8,8,2,250.875,25.0
2026-02-28,Tablet,Direct,Fixed Deposit,1,1,1,334.0,100.0
2026-02-28,Tablet,Direct,Personal Loan,1,1,0,142.0,0.0
2026-02-28,Tablet,Email,Credit Card,1,1,0,93.0,0.0
2026-02-28,Tablet,Email,Fixed Deposit,1,1,1,412.0,100.0
2026-02-28,Tablet,Email,Personal Loan,2,2,0,189.0,0.0
2026-02-28,Tablet,Email,Savings Account,2,2,0,201.0,0.0
2026-02-28,Tablet,Organic,Credit Card,1,1,1,466.0,100.0
2026-02-28,Tablet,Organic,Personal Loan,4,4,1,236.75,25.0
2026-02-28,Tablet,Organic,Savings Account,1,1,0,71.0,0.0
2026-02-28,Tablet,Paid Search,Credit Card,1,1,0,266.0,0.0
2026-02-28,Tablet,Paid Search,Personal Loan,1,1,0,90.0,0.0
2026-02-28,Tablet,Paid Search,Savings Account,2,2,1,208.0,50.0
2026-02-28,Tablet,Referral,Credit Card,1,1,0,338.0,0.0
2026-03-01,Desktop,Direct,Credit Card,12,12,7,332.9166666666667,58.33
2026-03-01,Desktop,Direct,Fixed Deposit,2,2,1,394.0,50.0
2026-03-01,Desktop,Direct,Personal Loan,3,3,2,356.3333333333333,66.67
2026-03-01,Desktop,Direct,Savings Account,6,6,2,263.1666666666667,33.33
2026-03-01,Desktop,Email,Credit Card,7,7,2,252.85714285714286,28.57
2026-03-01,Desktop,Email,Fixed Deposit,1,1,1,377.0,100.0
2026-03-01,Desktop,Email,Savings Account,4,4,1,218.75,25.0
2026-03-01,Desktop,Organic,Credit Card,10,10,5,306.3,50.0
2026-03-01,Desktop,Organic,Fixed Deposit,5,5,3,289.2,60.0
2026-03-01,Desktop,Organic,Personal Loan,8,8,2,226.25,25.0
2026-03-01,Desktop,Organic,Savings Account,9,9,3,240.44444444444446,33.33
2026-03-01,Desktop,Paid Search,Credit Card,9,9,0,141.22222222222223,0.0
2026-03-01,Desktop,Paid Search,Fixed Deposit,5,5,1,219.8,20.0
2026-03-01,Desktop,Paid Search,Personal Loan,7,7,2,266.2857142857143,28.57
2026-03-01,Desktop,Paid Search,Savings Account,8,8,4,185.375,50.0
2026-03-01,Desktop,Referral,Credit Card,3,3,2,397.6666666666667,66.67
2026-03-01,Desktop,Referral,Fixed Deposit,2,2,0,332.5,0.0
2026-03-01,Desktop,Referral,Personal Loan,4,4,1,235.75,25.0
2026-03-01,Desktop,Referral,Savings Account,1,1,1,260.0,100.0
2026-03-01,Mobile,Direct,Credit Card,8,8,4,313.5,50.0
2026-03-01,Mobile,Direct,Fixed Deposit,7,7,0,190.28571428571428,0.0
2026-03-01,Mobile,Direct,Personal Loan,12,12,3,255.5,25.0
2026-03-01,Mobile,Direct,Savings Account,19,19,5,246.6315789473684,26.32
2026-03-01,Mobile,Email,Credit Card,6,6,0,124.0,0.0
2026-03-01,Mobile,Email,Fixed Deposit,4,4,2,282.5,50.0
2026-03-01,Mobile,Email,Personal Loan,5,5,0,221.0,0.0
2026-03-01,Mobile,Email,Savings Account,7,7,5,264.42857142857144,71.43
2026-03-01,Mobile,Organic,Credit Card,17,17,3,221.47058823529412,17.65
2026-03-01,Mobile,Organic,Fixed Deposit,6,6,1,227.66666666666666,16.67
2026-03-01,Mobile,Organic,Personal Loan,19,19,1,195.89473684210526,5.26
2026-03-01,Mobile,Organic,Savings Account,23,23,9,234.7391304347826,39.13
2026-03-01,Mobile,Paid Search,Credit Card,15,15,5,213.0,33.33
2026-03-01,Mobile,Paid Search,Fixed Deposit,8,8,1,227.875,12.5
2026-03-01,Mobile,Paid Search,Personal Loan,9,9,0,157.77777777777777,0.0
2026-03-01,Mobile,Paid Search,Savings Account,10,10,1,232.2,10.0
2026-03-01,Mobile,Referral,Credit Card,5,5,0,126.2,0.0
2026-03-01,Mobile,Referral,Fixed Deposit,1,1,0,50.0,0.0
2026-03-01,Mobile,Referral,Personal Loan,8,8,0,170.875,0.0
2026-03-01,Mobile,Referral,Savings Account,9,9,2,222.88888888888889,22.22
2026-03-01,Tablet,Direct,Fixed Deposit,3,3,1,297.3333333333333,33.33
2026-03-01,Tablet,Direct,Personal Loan,2,2,1,304.5,50.0
2026-03-01,Tablet,Email,Savings Account,1,1,0,181.0,0.0
2026-03-01,Tablet,Organic,Credit Card,1,1,0,232.0,0.0
2026-03-01,Tablet,Organic,Personal Loan,2,2,0,208.5,0.0
2026-03-01,Tablet,Organic,Savings Account,3,3,0,187.66666666666666,0.0
2026-03-01,Tablet,Paid Search,Credit Card,2,2,0,252.5,0.0
2026-03-01,Tablet,Paid Search,Fixed Deposit,1,1,1,517.0,100.0
2026-03-01,Tablet,Paid Search,Savings Account,1,1,0,122.0,0.0
2026-03-01,Tablet,Referral,Personal Loan,2,2,0,104.5,0.0
2026-03-02,Desktop,Direct,Credit Card,6,6,1,238.83333333333334,16.67
2026-03-02,Desktop,Direct,Fixed Deposit,4,4,1,252.0,25.0
2026-03-02,Desktop,Direct,Personal Loan,4,4,0,126.5,0.0
2026-03-02,Desktop,Direct,Savings Account,6,6,4,319.6666666666667,66.67
2026-03-02,Desktop,Email,Credit Card,8,8,2,189.0,25.0
2026-03-02,Desktop,Email,Fixed Deposit,3,3,2,265.6666666666667,66.67
2026-03-02,Desktop,Email,Personal Loan,2,2,1,313.0,50.0
2026-03-02,Desktop,Email,Savings Account,2,2,0,144.0,0.0
2026-03-02,Desktop,Organic,Credit Card,11,11,6,281.90909090909093,54.55
2026-03-02,Desktop,Organic,Fixed Deposit,2,2,1,311.5,50.0
2026-03-02,Desktop,Organic,Personal Loan,6,6,2,241.16666666666666,33.33
2026-03-02,Desktop,Organic,Savings Account,10,10,1,221.2,10.0
2026-03-02,Desktop,Paid Search,Credit Card,5,5,1,276.8,20.0
2026-03-02,Desktop,Paid Search,Fixed Deposit,4,4,1,180.0,25.0
2026-03-02,Desktop,Paid Search,Personal Loan,9,9,1,250.33333333333334,11.11
2026-03-02,Desktop,Paid Search,Savings Account,4,4,1,137.75,25.0
2026-03-02,Desktop,Referral,Credit Card,4,4,1,277.5,25.0
2026-03-02,Desktop,Referral,Personal Loan,2,2,0,127.5,0.0
2026-03-02,Desktop,Referral,Savings Account,4,4,2,237.75,50.0
2026-03-02,Mobile,Direct,Credit Card,21,21,3,238.33333333333334,14.29
2026-03-02,Mobile,Direct,Fixed Deposit,6,6,1,211.83333333333334,16.67
2026-03-02,Mobile,Direct,Personal Loan,15,15,3,224.2,20.0
2026-03-02,Mobile,Direct,Savings Account,21,21,8,245.57142857142858,38.1
2026-03-02,Mobile,Email,Credit Card,12,12,6,284.75,50.0
2026-03-02,Mobile,Email,Fixed Deposit,5,5,1,204.6,20.0
2026-03-02,Mobile,Email,Personal Loan,7,7,2,263.14285714285717,28.57
2026-03-02,Mobile,Email,Savings Account,13,13,5,218.0,38.46
2026-03-02,Mobile,Organic,Credit Card,19,19,6,264.57894736842104,31.58
2026-03-02,Mobile,Organic,Fixed Deposit,10,10,2,223.6,20.0
2026-03-02,Mobile,Organic,Personal Loan,15,15,0,192.33333333333334,0.0
2026-03-02,Mobile,Organic,Savings Account,23,23,8,265.4347826086956,34.78
2026-03-02,Mobile,Paid Search,Credit Card,14,14,1,162.14285714285714,7.14
2026-03-02,Mobile,Paid Search,Fixed Deposit,5,5,0,209.6,0.0
2026-03-02,Mobile,Paid Search,Personal Loan,11,11,1,171.8181818181818,9.09
2026-03-02,Mobile,Paid Search,Savings Account,19,19,3,247.42105263157896,15.79
2026-03-02,Mobile,Referral,Credit Card,5,5,2,218.0,40.0
2026-03-02,Mobile,Referral,Fixed Deposit,4,4,1,165.0,25.0
2026-03-02,Mobile,Referral,Personal Loan,4,4,1,264.0,25.0
2026-03-02,Mobile,Referral,Savings Account,11,11,2,216.0,18.18
2026-03-02,Tablet,Direct,Credit Card,2,2,2,364.5,100.0
2026-03-02,Tablet,Direct,Fixed Deposit,1,1,0,323.0,0.0
2026-03-02,Tablet,Direct,Savings Account,1,1,0,286.0,0.0
2026-03-02,Tablet,Email,Personal Loan,1,1,0,177.0,0.0
2026-03-02,Tablet,Email,Savings Account,2,2,1,291.5,50.0
2026-03-02,Tablet,Organic,Credit Card,1,1,0,261.0,0.0
2026-03-02,Tablet,Organic,Fixed Deposit,3,3,0,120.66666666666667,0.0
2026-03-02,Tablet,Organic,Personal Loan,2,2,0,111.5,0.0
2026-03-02,Tablet,Organic,Savings Account,1,1,0,110.0,0.0
2026-03-02,Tablet,Paid Search,Personal Loan,1,1,0,290.0,0.0
2026-03-02,Tablet,Paid Search,Savings Account,3,3,2,348.3333333333333,66.67
2026-03-02,Tablet,Referral,Credit Card,1,1,0,127.0,0.0
2026-03-02,Tablet,Referral,Personal Loan,1,1,0,66.0,0.0
2026-03-02,Tablet,Referral,Savings Account,1,1,0,56.0,0.0
2026-03-03,Desktop,Direct,Credit Card,10,10,5,299.0,50.0
2026-03-03,Desktop,Direct,Fixed Deposit,7,7,1,128.14285714285714,14.29
2026-03-03,Desktop,Direct,Personal Loan,3,3,0,263.3333333333333,0.0
2026-03-03,Desktop,Direct,Savings Account,13,13,4,208.30769230769232,30.77
2026-03-03,Desktop,Email,Credit Card,3,3,0,186.0,0.0
2026-03-03,Desktop,Email,Personal Loan,6,6,3,326.3333333333333,50.0
2026-03-03,Desktop,Organic,Credit Card,6,6,2,228.66666666666666,33.33
2026-03-03,Desktop,Organic,Fixed Deposit,4,4,1,144.0,25.0
2026-03-03,Desktop,Organic,Personal Loan,3,3,1,246.33333333333334,33.33
2026-03-03,Desktop,Organic,Savings Account,6,6,1,156.66666666666666,16.67
2026-03-03,Desktop,Paid Search,Credit Card,3,3,0,209.0,0.0
2026-03-03,Desktop,Paid Search,Fixed Deposit,5,5,2,261.6,40.0
2026-03-03,Desktop,Paid Search,Personal Loan,7,7,0,194.42857142857142,0.0
2026-03-03,Desktop,Paid Search,Savings Account,6,6,1,252.5,16.67
2026-03-03,Desktop,Referral,Credit Card,2,2,1,203.5,50.0
2026-03-03,Desktop,Referral,Fixed Deposit,3,3,1,289.3333333333333,33.33
2026-03-03,Desktop,Referral,Savings Account,1,1,0,194.0,0.0
2026-03-03,Mobile,Direct,Credit Card,9,9,3,223.88888888888889,33.33
2026-03-03,Mobile,Direct,Fixed Deposit,12,12,2,205.75,16.67
2026-03-03,Mobile,Direct,Personal Loan,8,8,3,330.75,37.5
2026-03-03,Mobile,Direct,Savings Account,23,23,6,232.8695652173913,26.09
2026-03-03,Mobile,Email,Credit Card,8,8,2,162.75,25.0
2026-03-03,Mobile,Email,Fixed Deposit,6,6,0,196.83333333333334,0.0
2026-03-03,Mobile,Email,Personal Loan,2,2,2,346.5,100.0
2026-03-03,Mobile,Email,Savings Account,8,8,1,243.0,12.5
2026-03-03,Mobile,Organic,Credit Card,28,28,7,211.46428571428572,25.0
2026-03-03,Mobile,Organic,Fixed Deposit,12,12,4,216.25,33.33
2026-03-03,Mobile,Organic,Personal Loan,21,21,1,170.52380952380952,4.76
2026-03-03,Mobile,Organic,Savings Account,23,23,6,225.7391304347826,26.09
2026-03-03,Mobile,Paid Search,Credit Card,15,15,4,211.06666666666666,26.67
2026-03-03,Mobile,Paid Search,Fixed Deposit,6,6,1,185.83333333333334,16.67
2026-03-03,Mobile,Paid Search,Personal Loan,15,15,4,201.46666666666667,26.67
2026-03-03,Mobile,Paid Search,Savings Account,18,18,8,292.3333333333333,44.44
2026-03-03,Mobile,Referral,Credit Card,3,3,1,224.66666666666666,33.33
2026-03-03,Mobile,Referral,Fixed Deposit,2,2,0,282.0,0.0
2026-03-03,Mobile,Referral,Personal Loan,4,4,1,218.25,25.0
2026-03-03,Mobile,Referral,Savings Account,10,10,6,240.7,60.0
2026-03-03,Tablet,Direct,Credit Card,2,2,1,304.5,50.0
2026-03-03,Tablet,Direct,Personal Loan,1,1,1,302.0,100.0
2026-03-03,Tablet,Direct,Savings Account,3,3,1,242.0,33.33
2026-03-03,Tablet,Email,Credit Card,3,3,2,359.6666666666667,66.67
2026-03-03,Tablet,Email,Fixed Deposit,1,1,1,244.0,100.0
2026-03-03,Tablet,Email,Personal Loan,2,2,0,266.5,0.0
2026-03-03,Tablet,Email,Savings Account,2,2,1,365.0,50.0
2026-03-03,Tablet,Organic,Credit Card,2,2,2,302.0,100.0
2026-03-03,Tablet,Organic,Fixed Deposit,1,1,0,396.0,0.0
2026-03-03,Tablet,Organic,Personal Loan,1,1,0,327.0,0.0
2026-03-03,Tablet,Organic,Savings Account,1,1,0,520.0,0.0
2026-03-03,Tablet,Paid Search,Personal Loan,1,1,0,147.0,0.0
2026-03-03,Tablet,Paid Search,Savings Account,3,3,0,158.0,0.0
2026-03-03,Tablet,Referral,Fixed Deposit,1,1,0,323.0,0.0
2026-03-03,Tablet,Referral,Savings Account,1,1,1,386.0,100.0
2026-03-04,Desktop,Direct,Credit Card,5,5,1,153.0,20.0
2026-03-04,Desktop,Direct,Fixed Deposit,3,3,2,213.0,66.67
2026-03-04,Desktop,Direct,Personal Loan,3,3,0,75.33333333333333,0.0
2026-03-04,Desktop,Direct,Savings Account,6,6,0,198.0,0.0
2026-03-04,Desktop,Email,Credit Card,5,5,3,260.2,60.0
2026-03-04,Desktop,Email,Fixed Deposit,3,3,1,200.0,33.33
2026-03-04,Desktop,Email,Personal Loan,4,4,1,181.25,25.0
2026-03-04,Desktop,Email,Savings Account,4,4,1,170.25,25.0
2026-03-04,Desktop,Organic,Credit Card,2,2,1,247.5,50.0
2026-03-04,Desktop,Organic,Fixed Deposit,4,4,0,196.25,0.0
2026-03-04,Desktop,Organic,Personal Loan,7,7,0,177.57142857142858,0.0
2026-03-04,Desktop,Organic,Savings Account,5,5,0,232.0,0.0
2026-03-04,Desktop,Paid Search,Credit Card,10,10,2,238.9,20.0
2026-03-04,Desktop,Paid Search,Fixed Deposit,3,3,2,266.6666666666667,66.67
2026-03-04,Desktop,Paid Search,Personal Loan,7,7,3,258.57142857142856,42.86
2026-03-04,Desktop,Paid Search,Savings Account,5,5,1,224.6,20.0
2026-03-04,Desktop,Referral,Credit Card,5,5,2,367.2,40.0
2026-03-04,Desktop,Referral,Fixed Deposit,2,2,1,228.0,50.0
2026-03-04,Desktop,Referral,Savings Account,3,3,1,273.6666666666667,33.33
2026-03-04,Mobile,Direct,Credit Card,9,9,1,262.0,11.11
2026-03-04,Mobile,Direct,Fixed Deposit,8,8,2,262.875,25.0
2026-03-04,Mobile,Direct,Personal Loan,14,14,3,265.57142857142856,21.43
2026-03-04,Mobile,Direct,Savings Account,21,21,6,248.61904761904762,28.57
2026-03-04,Mobile,Email,Credit Card,8,8,2,211.375,25.0
2026-03-04,Mobile,Email,Fixed Deposit,5,5,2,160.4,40.0
2026-03-04,Mobile,Email,Personal Loan,7,7,2,242.0,28.57
2026-03-04,Mobile,Email,Savings Account,6,6,2,221.16666666666666,33.33
2026-03-04,Mobile,Organic,Credit Card,22,22,2,198.63636363636363,9.09
2026-03-04,Mobile,Organic,Fixed Deposit,7,7,0,215.85714285714286,0.0
2026-03-04,Mobile,Organic,Personal Loan,17,17,1,204.64705882352942,5.88
2026-03-04,Mobile,Organic,Savings Account,16,16,2,266.0625,12.5
2026-03-04,Mobile,Paid Search,Credit Card,12,12,1,189.75,8.33
2026-03-04,Mobile,Paid Search,Fixed Deposit,6,6,0,106.83333333333333,0.0
2026-03-04,Mobile,Paid Search,Personal Loan,14,14,1,182.78571428571428,7.14
2026-03-04,Mobile,Paid Search,Savings Account,19,19,4,221.1578947368421,21.05
2026-03-04,Mobile,Referral,Credit Card,6,6,2,279.5,33.33
2026-03-04,Mobile,Referral,Fixed Deposit,4,4,0,262.5,0.0
2026-03-04,Mobile,Referral,Personal Loan,5,5,1,184.6,20.0
2026-03-04,Mobile,Referral,Savings Account,7,7,1,204.85714285714286,14.29
2026-03-04,Tablet,Direct,Credit Card,4,4,3,272.0,75.0
2026-03-04,Tablet,Direct,Fixed Deposit,1,1,1,300.0,100.0
2026-03-04,Tablet,Direct,Personal Loan,3,3,0,308.6666666666667,0.0
2026-03-04,Tablet,Direct,Savings Account,1,1,1,384.0,100.0
2026-03-04,Tablet,Email,Credit Card,1,1,1,405.0,100.0
2026-03-04,Tablet,Email,Personal Loan,1,1,0,162.0,0.0
2026-03-04,Tablet,Email,Savings Account,2,2,2,305.0,100.0
2026-03-04,Tablet,Organic,Fixed Deposit,2,2,1,225.5,50.0
2026-03-04,Tablet,Organic,Personal Loan,2,2,2,359.5,100.0
2026-03-04,Tablet,Organic,Savings Account,1,1,0,186.0,0.0
2026-03-04,Tablet,Paid Search,Credit Card,1,1,0,25.0,0.0
2026-03-04,Tablet,Paid Search,Fixed Deposit,1,1,0,207.0,0.0
2026-03-04,Tablet,Paid Search,Personal Loan,2,2,1,255.5,50.0
2026-03-04,Tablet,Referral,Credit Card,1,1,1,280.0,100.0
2026-03-04,Tablet,Referral,Fixed Deposit,2,2,0,139.5,0.0
2026-03-05,Desktop,Direct,Credit Card,6,6,2,264.6666666666667,33.33
2026-03-05,Desktop,Direct,Fixed Deposit,1,1,0,226.0,0.0
2026-03-05,Desktop,Direct,Personal Loan,6,6,1,222.5,16.67
2026-03-05,Desktop,Direct,Savings Account,8,8,5,233.375,62.5
2026-03-05,Desktop,Email,Credit Card,3,3,1,208.66666666666666,33.33
2026-03-05,Desktop,Email,Fixed Deposit,2,2,1,364.0,50.0
2026-03-05,Desktop,Email,Personal Loan,2,2,2,330.0,100.0
2026-03-05,Desktop,Email,Savings Account,7,7,4,301.42857142857144,57.14
2026-03-05,Desktop,Organic,Credit Card,5,5,3,229.0,60.0
2026-03-05,Desktop,Organic,Fixed Deposit,1,1,0,336.0,0.0
2026-03-05,Desktop,Organic,Personal Loan,5,5,0,224.2,0.0
2026-03-05,Desktop,Organic,Savings Account,14,14,6,205.57142857142858,42.86
2026-03-05,Desktop,Paid Search,Credit Card,7,7,0,226.28571428571428,0.0
2026-03-05,Desktop,Paid Search,Fixed Deposit,1,1,0,179.0,0.0
2026-03-05,Desktop,Paid Search,Personal Loan,6,6,1,192.83333333333334,16.67
2026-03-05,Desktop,Referral,Credit Card,4,4,1,238.5,25.0
2026-03-05,Desktop,Referral,Fixed Deposit,2,2,1,376.0,50.0
2026-03-05,Desktop,Referral,Personal Loan,1,1,0,114.0,0.0
2026-03-05,Desktop,Referral,Savings Account,6,6,4,259.5,66.67
2026-03-05,Mobile,Direct,Credit Card,20,20,4,182.1,20.0
2026-03-05,Mobile,Direct,Fixed Deposit,6,6,2,238.33333333333334,33.33
2026-03-05,Mobile,Direct,Personal Loan,14,14,1,178.21428571428572,7.14
2026-03-05,Mobile,Direct,Savings Account,22,22,6,242.95454545454547,27.27
2026-03-05,Mobile,Email,Credit Card,7,7,3,216.28571428571428,42.86
2026-03-05,Mobile,Email,Fixed Deposit,4,4,1,189.75,25.0
2026-03-05,Mobile,Email,Personal Loan,5,5,1,198.0,20.0
2026-03-05,Mobile,Email,Savings Account,11,11,5,258.27272727272725,45.45
2026-03-05,Mobile,Organic,Credit Card,18,18,6,235.16666666666666,33.33
2026-03-05,Mobile,Organic,Fixed Deposit,9,9,0,165.66666666666666,0.0
2026-03-05,Mobile,Organic,Personal Loan,13,13,0,172.76923076923077,0.0
2026-03-05,Mobile,Organic,Savings Account,19,19,3,227.26315789473685,15.79
2026-03-05,Mobile,Paid Search,Credit Card,20,20,5,225.2,25.0
2026-03-05,Mobile,Paid Search,Fixed Deposit,6,6,0,202.66666666666666,0.0
2026-03-05,Mobile,Paid Search,Personal Loan,11,11,3,240.1818181818182,27.27
2026-03-05,Mobile,Paid Search,Savings Account,16,16,8,241.3125,50.0
2026-03-05,Mobile,Referral,Credit Card,6,6,1,315.3333333333333,16.67
2026-03-05,Mobile,Referral,Fixed Deposit,2,2,0,195.5,0.0
2026-03-05,Mobile,Referral,Personal Loan,3,3,1,186.0,33.33
2026-03-05,Mobile,Referral,Savings Account,8,8,1,196.5,12.5
2026-03-05,Tablet,Direct,Credit Card,4,4,2,381.75,50.0
2026-03-05,Tablet,Direct,Fixed Deposit,1,1,0,54.0,0.0
2026-03-05,Tablet,Direct,Personal Loan,2,2,1,320.5,50.0
2026-03-05,Tablet,Direct,Savings Account,3,3,1,326.0,33.33
2026-03-05,Tablet,Email,Credit Card,4,4,2,340.25,50.0
2026-03-05,Tablet,Organic,Credit Card,4,4,1,281.25,25.0
2026-03-05,Tablet,Organic,Personal Loan,2,2,0,171.5,0.0
2026-03-05,Tablet,Organic,Savings Account,2,2,0,160.5,0.0
2026-03-05,Tablet,Paid Search,Credit Card,3,3,1,175.33333333333334,33.33
2026-03-05,Tablet,Paid Search,Personal Loan,1,1,1,329.0,100.0
2026-03-05,Tablet,Paid Search,Savings Account,3,3,0,217.66666666666666,0.0
2026-03-05,Tablet,Referral,Credit Card,3,3,0,179.0,0.0
2026-03-05,Tablet,Referral,Personal Loan,1,1,0,344.0,0.0
2026-03-06,Desktop,Direct,Credit Card,7,7,2,232.71428571428572,28.57
2026-03-06,Desktop,Direct,Fixed Deposit,4,4,2,245.5,50.0
2026-03-06,Desktop,Direct,Personal Loan,6,6,4,314.0,66.67
2026-03-06,Desktop,Direct,Savings Account,6,6,4,311.0,66.67
2026-03-06,Desktop,Email,Credit Card,3,3,1,217.33333333333334,33.33
2026-03-06,Desktop,Email,Personal Loan,1,1,0,125.0,0.0
2026-03-06,Desktop,Email,Savings Account,7,7,3,217.14285714285714,42.86
2026-03-06,Desktop,Organic,Credit Card,7,7,2,220.14285714285714,28.57
2026-03-06,Desktop,Organic,Fixed Deposit,7,7,3,231.28571428571428,42.86
2026-03-06,Desktop,Organic,Personal Loan,9,9,1,242.55555555555554,11.11
2026-03-06,Desktop,Organic,Savings Account,13,13,4,210.76923076923077,30.77
2026-03-06,Desktop,Paid Search,Credit Card,7,7,3,186.85714285714286,42.86
2026-03-06,Desktop,Paid Search,Fixed Deposit,3,3,1,209.66666666666666,33.33
2026-03-06,Desktop,Paid Search,Personal Loan,3,3,1,319.6666666666667,33.33
2026-03-06,Desktop,Paid Search,Savings Account,5,5,0,144.4,0.0
2026-03-06,Desktop,Referral,Credit Card,2,2,0,214.0,0.0
2026-03-06,Desktop,Referral,Fixed Deposit,2,2,0,202.5,0.0
2026-03-06,Desktop,Referral,Personal Loan,6,6,2,222.33333333333334,33.33
2026-03-06,Desktop,Referral,Savings Account,2,2,2,238.0,100.0
2026-03-06,Mobile,Direct,Credit Card,9,9,3,276.3333333333333,33.33
2026-03-06,Mobile,Direct,Fixed Deposit,7,7,2,248.0,28.57
2026-03-06,Mobile,Direct,Personal Loan,10,10,1,274.7,10.0
2026-03-06,Mobile,Direct,Savings Account,16,16,6,239.4375,37.5
2026-03-06,Mobile,Email,Credit Card,13,13,3,250.69230769230768,23.08
2026-03-06,Mobile,Email,Fixed Deposit,5,5,2,314.2,40.0
2026-03-06,Mobile,Email,Personal Loan,2,2,0,128.5,0.0
2026-03-06,Mobile,Email,Savings Account,13,13,4,232.0,30.77
2026-03-06,Mobile,Organic,Credit Card,28,28,2,190.85714285714286,7.14
2026-03-06,Mobile,Organic,Fixed Deposit,13,13,1,196.53846153846155,7.69
2026-03-06,Mobile,Organic,Personal Loan,14,14,5,230.14285714285714,35.71
2026-03-06,Mobile,Organic,Savings Account,22,22,7,251.0,31.82
2026-03-06,Mobile,Paid Search,Credit Card,14,14,2,253.57142857142858,14.29
2026-03-06,Mobile,Paid Search,Fixed Deposit,8,8,0,176.5,0.0
2026-03-06,Mobile,Paid Search,Personal Loan,8,8,1,229.25,12.5
2026-03-06,Mobile,Paid Search,Savings Account,14,14,3,220.85714285714286,21.43
2026-03-06,Mobile,Referral,Credit Card,6,6,1,164.16666666666666,16.67
2026-03-06,Mobile,Referral,Fixed Deposit,5,5,0,237.0,0.0
2026-03-06,Mobile,Referral,Personal Loan,4,4,0,237.25,0.0
2026-03-06,Mobile,Referral,Savings Account,9,9,2,281.6666666666667,22.22
2026-03-06,Tablet,Direct,Credit Card,2,2,0,144.5,0.0
2026-03-06,Tablet,Direct,Fixed Deposit,1,1,0,221.0,0.0
2026-03-06,Tablet,Direct,Personal Loan,1,1,0,136.0,0.0
2026-03-06,Tablet,Direct,Savings Account,1,1,1,579.0,100.0
2026-03-06,Tablet,Email,Credit Card,1,1,1,419.0,100.0
2026-03-06,Tablet,Email,Savings Account,2,2,0,204.5,0.0
2026-03-06,Tablet,Organic,Personal Loan,2,2,0,156.5,0.0
2026-03-06,Tablet,Organic,Savings Account,2,2,0,356.0,0.0
2026-03-06,Tablet,Paid Search,Credit Card,1,1,0,259.0,0.0
2026-03-06,Tablet,Paid Search,Fixed Deposit,1,1,0,194.0,0.0
2026-03-06,Tablet,Paid Search,Personal Loan,1,1,0,98.0,0.0
2026-03-06,Tablet,Paid Search,Savings Account,3,3,1,301.3333333333333,33.33
2026-03-06,Tablet,Referral,Fixed Deposit,1,1,1,537.0,100.0
2026-03-07,Desktop,Direct,Credit Card,8,8,3,234.125,37.5
2026-03-07,Desktop,Direct,Fixed Deposit,6,6,1,250.5,16.67
2026-03-07,Desktop,Direct,Personal Loan,3,3,2,277.6666666666667,66.67
2026-03-07,Desktop,Direct,Savings Account,9,9,3,247.22222222222223,33.33
2026-03-07,Desktop,Email,Credit Card,5,5,1,216.8,20.0
2026-03-07,Desktop,Email,Fixed Deposit,3,3,2,363.6666666666667,66.67
2026-03-07,Desktop,Email,Personal Loan,1,1,0,94.0,0.0
2026-03-07,Desktop,Email,Savings Account,6,6,0,183.33333333333334,0.0
2026-03-07,Desktop,Organic,Credit Card,9,9,3,298.8888888888889,33.33
2026-03-07,Desktop,Organic,Fixed Deposit,6,6,2,264.8333333333333,33.33
2026-03-07,Desktop,Organic,Personal Loan,7,7,1,208.28571428571428,14.29
2026-03-07,Desktop,Organic,Savings Account,8,8,2,265.25,25.0
2026-03-07,Desktop,Paid Search,Credit Card,6,6,3,300.5,50.0
2026-03-07,Desktop,Paid Search,Fixed Deposit,2,2,1,330.0,50.0
2026-03-07,Desktop,Paid Search,Personal Loan,6,6,0,311.8333333333333,0.0
2026-03-07,Desktop,Paid Search,Savings Account,7,7,4,307.0,57.14
2026-03-07,Desktop,Referral,Fixed Deposit,2,2,1,313.0,50.0
2026-03-07,Desktop,Referral,Savings Account,6,6,3,325.3333333333333,50.0
2026-03-07,Mobile,Direct,Credit Card,8,8,2,272.375,25.0
2026-03-07,Mobile,Direct,Fixed Deposit,15,15,4,230.4,26.67
2026-03-07,Mobile,Direct,Personal Loan,12,12,3,294.5833333333333,25.0
2026-03-07,Mobile,Direct,Savings Account,12,12,5,258.0,41.67
2026-03-07,Mobile,Email,Credit Card,8,8,0,231.625,0.0
2026-03-07,Mobile,Email,Fixed Deposit,2,2,0,199.0,0.0
2026-03-07,Mobile,Email,Personal Loan,6,6,2,193.0,33.33
2026-03-07,Mobile,Email,Savings Account,9,9,3,238.22222222222223,33.33
2026-03-07,Mobile,Organic,Credit Card,24,24,7,245.66666666666666,29.17
2026-03-07,Mobile,Organic,Fixed Deposit,10,10,1,192.3,10.0
2026-03-07,Mobile,Organic,Personal Loan,18,18,3,190.44444444444446,16.67
2026-03-07,Mobile,Organic,Savings Account,16,16,5,217.375,31.25
2026-03-07,Mobile,Paid Search,Credit Card,12,12,4,267.4166666666667,33.33
2026-03-07,Mobile,Paid Search,Fixed Deposit,3,3,1,308.6666666666667,33.33
2026-03-07,Mobile,Paid Search,Personal Loan,17,17,3,225.41176470588235,17.65
2026-03-07,Mobile,Paid Search,Savings Account,11,11,6,258.6363636363636,54.55
2026-03-07,Mobile,Referral,Credit Card,1,1,0,435.0,0.0
2026-03-07,Mobile,Referral,Fixed Deposit,2,2,1,424.0,50.0
2026-03-07,Mobile,Referral,Personal Loan,4,4,0,236.25,0.0
2026-03-07,Mobile,Referral,Savings Account,10,10,2,236.1,20.0
2026-03-07,Tablet,Direct,Credit Card,3,3,0,183.33333333333334,0.0
2026-03-07,Tablet,Direct,Fixed Deposit,2,2,0,195.0,0.0
2026-03-07,Tablet,Direct,Savings Account,1,1,0,256.0,0.0
2026-03-07,Tablet,Email,Credit Card,1,1,1,464.0,100.0
2026-03-07,Tablet,Organic,Credit Card,1,1,0,77.0,0.0
2026-03-07,Tablet,Organic,Fixed Deposit,1,1,0,268.0,0.0
2026-03-07,Tablet,Organic,Personal Loan,3,3,1,215.66666666666666,33.33
2026-03-07,Tablet,Organic,Savings Account,2,2,0,278.5,0.0
2026-03-07,Tablet,Paid Search,Fixed Deposit,1,1,0,436.0,0.0
2026-03-07,Tablet,Paid Search,Personal Loan,2,2,0,226.0,0.0
2026-03-07,Tablet,Referral,Credit Card,1,1,0,202.0,0.0
2026-03-07,Tablet,Referral,Personal Loan,1,1,1,477.0,100.0
2026-03-08,Desktop,Direct,Credit Card,8,8,4,304.375,50.0
2026-03-08,Desktop,Direct,Fixed Deposit,5,5,2,280.0,40.0
2026-03-08,Desktop,Direct,Personal Loan,5,5,2,282.0,40.0
2026-03-08,Desktop,Direct,Savings Account,10,10,2,242.2,20.0
2026-03-08,Desktop,Email,Credit Card,2,2,1,238.5,50.0
2026-03-08,Desktop,Email,Fixed Deposit,3,3,0,128.0,0.0
2026-03-08,Desktop,Email,Personal Loan,3,3,1,134.66666666666666,33.33
2026-03-08,Desktop,Email,Savings Account,5,5,2,216.6,40.0
2026-03-08,Desktop,Organic,Credit Card,14,14,2,208.14285714285714,14.29
2026-03-08,Desktop,Organic,Fixed Deposit,4,4,1,179.25,25.0
2026-03-08,Desktop,Organic,Personal Loan,8,8,2,224.0,25.0
2026-03-08,Desktop,Organic,Savings Account,7,7,2,168.14285714285714,28.57
2026-03-08,Desktop,Paid Search,Credit Card,8,8,1,179.25,12.5
2026-03-08,Desktop,Paid Search,Fixed Deposit,5,5,3,267.6,60.0
2026-03-08,Desktop,Paid Search,Personal Loan,4,4,0,199.25,0.0
2026-03-08,Desktop,Paid Search,Savings Account,5,5,1,258.8,20.0
2026-03-08,Desktop,Referral,Credit Card,2,2,2,317.0,100.0
2026-03-08,Desktop,Referral,Fixed Deposit,1,1,0,75.0,0.0
2026-03-08,Desktop,Referral,Personal Loan,7,7,0,223.85714285714286,0.0
2026-03-08,Desktop,Referral,Savings Account,1,1,1,327.0,100.0
2026-03-08,Mobile,Direct,Credit Card,19,19,7,224.1578947368421,36.84
2026-03-08,Mobile,Direct,Fixed Deposit,4,4,2,292.5,50.0
2026-03-08,Mobile,Direct,Personal Loan,13,13,3,256.6923076923077,23.08
2026-03-08,Mobile,Direct,Savings Account,16,16,4,246.375,25.0
2026-03-08,Mobile,Email,Credit Card,6,6,2,341.3333333333333,33.33
2026-03-08,Mobile,Email,Fixed Deposit,6,6,3,241.83333333333334,50.0
2026-03-08,Mobile,Email,Personal Loan,9,9,2,171.44444444444446,22.22
2026-03-08,Mobile,Email,Savings Account,11,11,6,310.27272727272725,54.55
2026-03-08,Mobile,Organic,Credit Card,34,34,6,210.61764705882354,17.65
2026-03-08,Mobile,Organic,Fixed Deposit,8,8,1,203.0,12.5
2026-03-08,Mobile,Organic,Personal Loan,21,21,3,226.85714285714286,14.29
2026-03-08,Mobile,Organic,Savings Account,20,20,7,229.75,35.0
2026-03-08,Mobile,Paid Search,Credit Card,13,13,5,317.7692307692308,38.46
2026-03-08,Mobile,Paid Search,Fixed Deposit,9,9,2,232.11111111111111,22.22
2026-03-08,Mobile,Paid Search,Personal Loan,9,9,0,175.88888888888889,0.0
2026-03-08,Mobile,Paid Search,Savings Account,8,8,3,220.875,37.5
2026-03-08,Mobile,Referral,Credit Card,6,6,2,320.3333333333333,33.33
2026-03-08,Mobile,Referral,Fixed Deposit,2,2,0,177.0,0.0
2026-03-08,Mobile,Referral,Personal Loan,5,5,0,227.2,0.0
2026-03-08,Mobile,Referral,Savings Account,9,9,3,265.0,33.33
2026-03-08,Tablet,Direct,Credit Card,2,2,0,177.5,0.0
2026-03-08,Tablet,Direct,Savings Account,1,1,0,133.0,0.0
2026-03-08,Tablet,Email,Credit Card,1,1,0,100.0,0.0
2026-03-08,Tablet,Organic,Credit Card,2,2,0,162.5,0.0
2026-03-08,Tablet,Organic,Savings Account,1,1,1,405.0,100.0
2026-03-08,Tablet,Paid Search,Credit Card,2,2,0,200.0,0.0
2026-03-08,Tablet,Paid Search,Personal Loan,1,1,0,240.0,0.0
2026-03-08,Tablet,Referral,Credit Card,1,1,0,471.0,0.0
2026-03-08,Tablet,Referral,Savings Account,2,2,0,284.0,0.0
2026-03-09,Desktop,Direct,Credit Card,8,8,1,190.875,12.5
2026-03-09,Desktop,Direct,Fixed Deposit,5,5,3,258.6,60.0
2026-03-09,Desktop,Direct,Personal Loan,3,3,1,156.0,33.33
2026-03-09,Desktop,Direct,Savings Account,11,11,4,287.27272727272725,36.36
2026-03-09,Desktop,Email,Credit Card,3,3,1,178.66666666666666,33.33
2026-03-09,Desktop,Email,Fixed Deposit,1,1,0,286.0,0.0
2026-03-09,Desktop,Email,Personal Loan,4,4,2,300.75,50.0
2026-03-09,Desktop,Email,Savings Account,1,1,1,254.0,100.0
2026-03-09,Desktop,Organic,Credit Card,4,4,2,266.0,50.0
2026-03-09,Desktop,Organic,Fixed Deposit,8,8,2,206.625,25.0
2026-03-09,Desktop,Organic,Personal Loan,3,3,0,159.33333333333334,0.0
2026-03-09,Desktop,Organic,Savings Account,13,13,3,227.0,23.08
2026-03-09,Desktop,Paid Search,Credit Card,8,8,3,259.75,37.5
2026-03-09,Desktop,Paid Search,Fixed Deposit,2,2,0,110.5,0.0
2026-03-09,Desktop,Paid Search,Personal Loan,8,8,4,242.5,50.0
2026-03-09,Desktop,Paid Search,Savings Account,3,3,1,178.66666666666666,33.33
2026-03-09,Desktop,Referral,Credit Card,5,5,3,340.4,60.0
2026-03-09,Desktop,Referral,Fixed Deposit,1,1,1,388.0,100.0
2026-03-09,Desktop,Referral,Personal Loan,1,1,0,126.0,0.0
2026-03-09,Desktop,Referral,Savings Account,5,5,2,238.2,40.0
2026-03-09,Mobile,Direct,Credit Card,17,17,3,249.58823529411765,17.65
2026-03-09,Mobile,Direct,Fixed Deposit,2,2,0,185.5,0.0
2026-03-09,Mobile,Direct,Personal Loan,9,9,3,264.1111111111111,33.33
2026-03-09,Mobile,Direct,Savings Account,18,18,7,249.38888888888889,38.89
2026-03-09,Mobile,Email,Credit Card,2,2,1,361.5,50.0
2026-03-09,Mobile,Email,Fixed Deposit,3,3,1,199.66666666666666,33.33
2026-03-09,Mobile,Email,Personal Loan,8,8,2,182.5,25.0
2026-03-09,Mobile,Email,Savings Account,15,15,7,293.26666666666665,46.67
2026-03-09,Mobile,Organic,Credit Card,18,18,3,197.61111111111111,16.67
2026-03-09,Mobile,Organic,Fixed Deposit,13,13,0,173.84615384615384,0.0
2026-03-09,Mobile,Organic,Personal Loan,10,9,1,182.1,10.0
2026-03-09,Mobile,Organic,Savings Account,16,16,5,222.0,31.25
2026-03-09,Mobile,Paid Search,Credit Card,11,11,4,252.0909090909091,36.36
2026-03-09,Mobile,Paid Search,Fixed Deposit,2,2,0,260.0,0.0
2026-03-09,Mobile,Paid Search,Personal Loan,16,16,4,272.6875,25.0
2026-03-09,Mobile,Paid Search,Savings Account,11,11,3,292.72727272727275,27.27
2026-03-09,Mobile,Referral,Credit Card,10,10,4,289.7,40.0
2026-03-09,Mobile,Referral,Fixed Deposit,1,1,0,94.0,0.0
2026-03-09,Mobile,Referral,Personal Loan,3,3,1,162.0,33.33
2026-03-09,Mobile,Referral,Savings Account,13,13,3,204.07692307692307,23.08
2026-03-09,Tablet,Direct,Credit Card,3,3,1,226.0,33.33
2026-03-09,Tablet,Direct,Personal Loan,1,1,0,187.0,0.0
2026-03-09,Tablet,Direct,Savings Account,3,3,0,173.66666666666666,0.0
2026-03-09,Tablet,Email,Credit Card,1,1,0,301.0,0.0
2026-03-09,Tablet,Email,Fixed Deposit,1,1,0,519.0,0.0
2026-03-09,Tablet,Email,Personal Loan,2,2,0,67.5,0.0
2026-03-09,Tablet,Organic,Personal Loan,1,1,0,245.0,0.0
2026-03-09,Tablet,Organic,Savings Account,2,2,1,262.0,50.0
2026-03-09,Tablet,Paid Search,Credit Card,1,1,1,456.0,100.0
2026-03-09,Tablet,Paid Search,Fixed Deposit,2,2,0,102.0,0.0
2026-03-09,Tablet,Paid Search,Savings Account,4,4,0,226.0,0.0
2026-03-09,Tablet,Referral,Credit Card,1,1,1,608.0,100.0
2026-03-09,Tablet,Referral,Fixed Deposit,1,1,0,35.0,0.0
2026-03-09,Tablet,Referral,Savings Account,1,1,0,246.0,0.0
2026-03-10,Desktop,Direct,Credit Card,9,9,3,247.88888888888889,33.33
2026-03-10,Desktop,Direct,Fixed Deposit,3,3,1,193.33333333333334,33.33
2026-03-10,Desktop,Direct,Personal Loan,9,9,1,195.0,11.11
2026-03-10,Desktop,Direct,Savings Account,7,7,4,283.42857142857144,57.14
2026-03-10,Desktop,Email,Credit Card,3,3,0,424.0,0.0
2026-03-10,Desktop,Email,Fixed Deposit,2,2,0,181.5,0.0
2026-03-10,Desktop,Email,Personal Loan,1,1,0,344.0,0.0
2026-03-10,Desktop,Email,Savings Account,3,3,1,232.66666666666666,33.33
2026-03-10,Desktop,Organic,Credit Card,15,15,7,247.13333333333333,46.67
2026-03-10,Desktop,Organic,Fixed Deposit,2,2,1,327.5,50.0
2026-03-10,Desktop,Organic,Personal Loan,10,10,4,332.1,40.0
2026-03-10,Desktop,Organic,Savings Account,7,7,2,257.2857142857143,28.57
2026-03-10,Desktop,Paid Search,Credit Card,10,10,4,302.9,40.0
2026-03-10,Desktop,Paid Search,Fixed Deposit,3,3,0,184.66666666666666,0.0
2026-03-10,Desktop,Paid Search,Personal Loan,2,2,0,256.5,0.0
2026-03-10,Desktop,Paid Search,Savings Account,10,10,4,312.3,40.0
2026-03-10,Desktop,Referral,Credit Card,3,3,0,230.33333333333334,0.0
2026-03-10,Desktop,Referral,Fixed Deposit,2,2,1,263.5,50.0
2026-03-10,Desktop,Referral,Personal Loan,1,1,0,196.0,0.0
2026-03-10,Desktop,Referral,Savings Account,1,1,0,196.0,0.0
2026-03-10,Mobile,Direct,Credit Card,21,21,1,204.9047619047619,4.76
2026-03-10,Mobile,Direct,Fixed Deposit,6,6,1,219.83333333333334,16.67
2026-03-10,Mobile,Direct,Personal Loan,7,7,1,243.57142857142858,14.29
2026-03-10,Mobile,Direct,Savings Account,26,26,4,209.84615384615384,15.38
2026-03-10,Mobile,Email,Credit Card,9,9,1,208.77777777777777,11.11
2026-03-10,Mobile,Email,Fixed Deposit,4,4,2,244.0,50.0
2026-03-10,Mobile,Email,Personal Loan,6,6,0,200.0,0.0
2026-03-10,Mobile,Email,Savings Account,15,15,7,265.26666666666665,46.67
2026-03-10,Mobile,Organic,Credit Card,19,19,3,237.68421052631578,15.79
2026-03-10,Mobile,Organic,Fixed Deposit,7,7,3,322.0,42.86
2026-03-10,Mobile,Organic,Personal Loan,13,13,2,215.46153846153845,15.38
2026-03-10,Mobile,Organic,Savings Account,25,25,6,237.24,24.0
2026-03-10,Mobile,Paid Search,Credit Card,13,13,3,203.84615384615384,23.08
2026-03-10,Mobile,Paid Search,Fixed Deposit,6,6,1,211.66666666666666,16.67
2026-03-10,Mobile,Paid Search,Personal Loan,16,16,1,225.0,6.25
2026-03-10,Mobile,Paid Search,Savings Account,10,10,5,279.4,50.0
2026-03-10,Mobile,Referral,Credit Card,2,2,0,182.0,0.0
2026-03-10,Mobile,Referral,Fixed Deposit,2,2,0,240.5,0.0
2026-03-10,Mobile,Referral,Personal Loan,5,5,0,195.4,0.0
2026-03-10,Mobile,Referral,Savings Account,4,4,0,179.75,0.0
2026-03-10,Tablet,Direct,Credit Card,3,3,1,233.0,33.33
2026-03-10,Tablet,Direct,Savings Account,2,2,0,198.0,0.0
2026-03-10,Tablet,Email,Credit Card,1,1,1,252.0,100.0
2026-03-10,Tablet,Email,Savings Account,1,1,0,158.0,0.0
2026-03-10,Tablet,Organic,Credit Card,2,2,0,231.5,0.0
2026-03-10,Tablet,Organic,Fixed Deposit,1,1,0,253.0,0.0
2026-03-10,Tablet,Organic,Savings Account,1,1,1,266.0,100.0
2026-03-10,Tablet,Paid Search,Credit Card,2,2,1,343.0,50.0
2026-03-10,Tablet,Paid Search,Fixed Deposit,2,2,1,343.5,50.0
2026-03-10,Tablet,Paid Search,Personal Loan,4,4,1,197.0,25.0
2026-03-10,Tablet,Paid Search,Savings Account,1,1,0,128.0,0.0
2026-03-10,Tablet,Referral,Credit Card,2,2,1,163.0,50.0
2026-03-10,Tablet,Referral,Personal Loan,1,1,0,18.0,0.0
2026-03-10,Tablet,Referral,Savings Account,2,2,0,182.0,0.0
2026-03-11,Desktop,Direct,Credit Card,5,5,2,295.0,40.0
2026-03-11,Desktop,Direct,Fixed Deposit,2,2,0,231.5,0.0
2026-03-11,Desktop,Direct,Personal Loan,2,2,0,101.0,0.0
2026-03-11,Desktop,Direct,Savings Account,3,3,0,196.0,0.0
2026-03-11,Desktop,Email,Credit Card,4,4,2,235.25,50.0
2026-03-11,Desktop,Email,Fixed Deposit,1,1,1,363.0,100.0
2026-03-11,Desktop,Email,Personal Loan,1,1,1,322.0,100.0
2026-03-11,Desktop,Email,Savings Account,2,2,0,272.5,0.0
2026-03-11,Desktop,Organic,Credit Card,9,9,3,264.1111111111111,33.33
2026-03-11,Desktop,Organic,Fixed Deposit,4,4,0,258.5,0.0
2026-03-11,Desktop,Organic,Personal Loan,5,5,0,218.4,0.0
2026-03-11,Desktop,Organic,Savings Account,10,10,1,160.5,10.0
2026-03-11,Desktop,Paid Search,Credit Card,12,12,3,229.66666666666666,25.0
2026-03-11,Desktop,Paid Search,Fixed Deposit,5,5,1,232.4,20.0
2026-03-11,Desktop,Paid Search,Personal Loan,6,6,1,249.66666666666666,16.67
2026-03-11,Desktop,Paid Search,Savings Account,4,4,0,201.0,0.0
2026-03-11,Desktop,Referral,Credit Card,1,1,0,65.0,0.0
2026-03-11,Desktop,Referral,Fixed Deposit,4,4,1,160.75,25.0
2026-03-11,Desktop,Referral,Personal Loan,1,1,0,214.0,0.0
2026-03-11,Desktop,Referral,Savings Account,7,7,2,245.57142857142858,28.57
2026-03-11,Mobile,Direct,Credit Card,24,24,6,256.5,25.0
2026-03-11,Mobile,Direct,Fixed Deposit,8,8,1,259.0,12.5
2026-03-11,Mobile,Direct,Personal Loan,9,9,0,179.44444444444446,0.0
2026-03-11,Mobile,Direct,Savings Account,12,12,3,216.25,25.0
2026-03-11,Mobile,Email,Credit Card,9,9,1,138.66666666666666,11.11
2026-03-11,Mobile,Email,Fixed Deposit,8,8,5,301.125,62.5
2026-03-11,Mobile,Email,Personal Loan,10,10,2,254.3,20.0
2026-03-11,Mobile,Email,Savings Account,6,6,2,261.5,33.33
2026-03-11,Mobile,Organic,Credit Card,20,20,4,222.4,20.0
2026-03-11,Mobile,Organic,Fixed Deposit,13,13,3,202.92307692307693,23.08
2026-03-11,Mobile,Organic,Personal Loan,20,20,5,230.35,25.0
2026-03-11,Mobile,Organic,Savings Account,28,28,7,218.46428571428572,25.0
2026-03-11,Mobile,Paid Search,Credit Card,18,18,3,239.44444444444446,16.67
2026-03-11,Mobile,Paid Search,Fixed Deposit,12,12,2,240.5,16.67
2026-03-11,Mobile,Paid Search,Personal Loan,8,8,1,223.5,12.5
2026-03-11,Mobile,Paid Search,Savings Account,28,28,8,239.28571428571428,28.57
2026-03-11,Mobile,Referral,Credit Card,5,5,2,267.2,40.0
2026-03-11,Mobile,Referral,Fixed Deposit,2,2,0,242.0,0.0
2026-03-11,Mobile,Referral,Personal Loan,5,5,0,279.4,0.0
2026-03-11,Mobile,Referral,Savings Account,5,5,0,132.6,0.0
2026-03-11,Tablet,Direct,Credit Card,4,4,1,252.0,25.0
2026-03-11,Tablet,Direct,Personal Loan,2,2,0,74.5,0.0
2026-03-11,Tablet,Direct,Savings Account,1,1,0,77.0,0.0
2026-03-11,Tablet,Email,Credit Card,1,1,0,197.0,0.0
2026-03-11,Tablet,Email,Fixed Deposit,1,1,0,287.0,0.0
2026-03-11,Tablet,Email,Personal Loan,2,2,1,220.5,50.0
2026-03-11,Tablet,Organic,Personal Loan,3,3,0,119.66666666666667,0.0
2026-03-11,Tablet,Organic,Savings Account,2,2,0,143.0,0.0
2026-03-11,Tablet,Paid Search,Credit Card,1,1,0,319.0,0.0
2026-03-11,Tablet,Paid Search,Fixed Deposit,2,2,0,107.5,0.0
2026-03-11,Tablet,Paid Search,Personal Loan,1,1,0,202.0,0.0
2026-03-11,Tablet,Referral,Credit Card,2,2,0,191.0,0.0
2026-03-11,Tablet,Referral,Personal Loan,1,1,0,263.0,0.0
2026-03-12,Desktop,Direct,Credit Card,4,4,1,240.0,25.0
2026-03-12,Desktop,Direct,Fixed Deposit,7,7,3,318.42857142857144,42.86
2026-03-12,Desktop,Direct,Personal Loan,5,5,0,188.6,0.0
2026-03-12,Desktop,Direct,Savings Account,7,7,3,245.42857142857142,42.86
2026-03-12,Desktop,Email,Credit Card,4,4,1,195.0,25.0
2026-03-12,Desktop,Email,Fixed Deposit,1,1,0,76.0,0.0
2026-03-12,Desktop,Email,Personal Loan,4,4,1,234.5,25.0
2026-03-12,Desktop,Email,Savings Account,6,6,3,260.0,50.0
2026-03-12,Desktop,Organic,Credit Card,5,5,1,264.4,20.0
2026-03-12,Desktop,Organic,Fixed Deposit,3,3,0,161.66666666666666,0.0
2026-03-12,Desktop,Organic,Personal Loan,6,6,2,213.0,33.33
2026-03-12,Desktop,Organic,Savings Account,5,5,1,192.8,20.0
2026-03-12,Desktop,Paid Search,Credit Card,8,8,3,267.625,37.5
2026-03-12,Desktop,Paid Search,Fixed Deposit,2,2,1,318.5,50.0
2026-03-12,Desktop,Paid Search,Personal Loan,4,4,1,172.0,25.0
2026-03-12,Desktop,Paid Search,Savings Account,8,8,2,240.5,25.0
2026-03-12,Desktop,Referral,Credit Card,2,2,2,429.0,100.0
2026-03-12,Desktop,Referral,Savings Account,4,4,1,261.5,25.0
2026-03-12,Mobile,Direct,Credit Card,11,11,3,226.0,27.27
2026-03-12,Mobile,Direct,Fixed Deposit,6,6,1,175.16666666666666,16.67
2026-03-12,Mobile,Direct,Personal Loan,10,10,3,195.3,30.0
2026-03-12,Mobile,Direct,Savings Account,16,16,4,252.875,25.0
2026-03-12,Mobile,Email,Credit Card,11,11,3,224.27272727272728,27.27
2026-03-12,Mobile,Email,Fixed Deposit,2,2,0,131.0,0.0
2026-03-12,Mobile,Email,Personal Loan,7,7,0,269.14285714285717,0.0
2026-03-12,Mobile,Email,Savings Account,9,9,2,296.6666666666667,22.22
2026-03-12,Mobile,Organic,Credit Card,19,19,7,264.42105263157896,36.84
2026-03-12,Mobile,Organic,Fixed Deposit,11,11,5,244.27272727272728,45.45
2026-03-12,Mobile,Organic,Personal Loan,16,16,0,187.25,0.0
2026-03-12,Mobile,Organic,Savings Account,28,28,6,251.78571428571428,21.43
2026-03-12,Mobile,Paid Search,Credit Card,11,11,0,214.45454545454547,0.0
2026-03-12,Mobile,Paid Search,Fixed Deposit,6,6,2,212.66666666666666,33.33
2026-03-12,Mobile,Paid Search,Personal Loan,14,14,3,226.07142857142858,21.43
2026-03-12,Mobile,Paid Search,Savings Account,11,11,2,185.36363636363637,18.18
2026-03-12,Mobile,Referral,Credit Card,6,6,1,156.16666666666666,16.67
2026-03-12,Mobile,Referral,Fixed Deposit,4,4,0,177.5,0.0
2026-03-12,Mobile,Referral,Personal Loan,3,3,1,297.3333333333333,33.33
2026-03-12,Mobile,Referral,Savings Account,5,5,1,240.2,20.0
2026-03-12,Tablet,Direct,Savings Account,2,2,0,201.5,0.0
2026-03-12,Tablet,Email,Credit Card,1,1,0,249.0,0.0
2026-03-12,Tablet,Email,Savings Account,2,2,1,193.0,50.0
2026-03-12,Tablet,Organic,Credit Card,1,1,0,210.0,0.0
2026-03-12,Tablet,Organic,Fixed Deposit,1,1,0,68.0,0.0
2026-03-12,Tablet,Organic,Personal Loan,3,3,2,298.3333333333333,66.67
2026-03-12,Tablet,Organic,Savings Account,4,4,0,144.25,0.0
2026-03-12,Tablet,Paid Search,Fixed Deposit,1,1,0,331.0,0.0
2026-03-12,Tablet,Paid Search,Savings Account,1,1,0,118.0,0.0
2026-03-12,Tablet,Referral,Credit Card,1,1,0,207.0,0.0
2026-03-12,Tablet,Referral,Personal Loan,1,1,0,141.0,0.0
2026-03-12,Tablet,Referral,Savings Account,3,3,1,443.0,33.33
2026-03-13,Desktop,Direct,Credit Card,5,5,3,264.8,60.0
2026-03-13,Desktop,Direct,Fixed Deposit,3,3,0,148.66666666666666,0.0
2026-03-13,Desktop,Direct,Personal Loan,7,7,1,221.71428571428572,14.29
2026-03-13,Desktop,Direct,Savings Account,3,3,1,274.3333333333333,33.33
2026-03-13,Desktop,Email,Fixed Deposit,1,1,1,216.0,100.0
2026-03-13,Desktop,Email,Personal Loan,2,2,1,299.5,50.0
2026-03-13,Desktop,Organic,Credit Card,13,13,1,222.46153846153845,7.69
2026-03-13,Desktop,Organic,Fixed Deposit,3,3,1,263.6666666666667,33.33
2026-03-13,Desktop,Organic,Personal Loan,11,11,6,323.3636363636364,54.55
2026-03-13,Desktop,Organic,Savings Account,11,11,3,269.09090909090907,27.27
2026-03-13,Desktop,Paid Search,Credit Card,5,5,1,165.0,20.0
2026-03-13,Desktop,Paid Search,Fixed Deposit,7,7,1,181.28571428571428,14.29
2026-03-13,Desktop,Paid Search,Personal Loan,3,3,2,317.3333333333333,66.67
2026-03-13,Desktop,Paid Search,Savings Account,7,7,2,225.85714285714286,28.57
2026-03-13,Desktop,Referral,Credit Card,6,6,2,174.16666666666666,33.33
2026-03-13,Desktop,Referral,Fixed Deposit,1,1,0,171.0,0.0
2026-03-13,Desktop,Referral,Personal Loan,3,3,0,299.0,0.0
2026-03-13,Desktop,Referral,Savings Account,5,5,1,179.4,20.0
2026-03-13,Mobile,Direct,Credit Card,16,16,3,175.75,18.75
2026-03-13,Mobile,Direct,Fixed Deposit,7,7,2,237.0,28.57
2026-03-13,Mobile,Direct,Personal Loan,11,11,4,300.54545454545456,36.36
2026-03-13,Mobile,Direct,Savings Account,25,25,6,225.48,24.0
2026-03-13,Mobile,Email,Credit Card,7,7,0,189.0,0.0
2026-03-13,Mobile,Email,Fixed Deposit,5,5,2,217.8,40.0
2026-03-13,Mobile,Email,Personal Loan,9,9,3,254.88888888888889,33.33
2026-03-13,Mobile,Email,Savings Account,7,7,2,250.14285714285714,28.57
2026-03-13,Mobile,Organic,Credit Card,25,25,4,194.4,16.0
2026-03-13,Mobile,Organic,Fixed Deposit,9,9,0,195.0,0.0
2026-03-13,Mobile,Organic,Personal Loan,12,12,0,205.58333333333334,0.0
2026-03-13,Mobile,Organic,Savings Account,23,23,9,280.69565217391306,39.13
2026-03-13,Mobile,Paid Search,Credit Card,20,20,7,221.3,35.0
2026-03-13,Mobile,Paid Search,Fixed Deposit,7,7,0,231.0,0.0
2026-03-13,Mobile,Paid Search,Personal Loan,8,8,0,211.25,0.0
2026-03-13,Mobile,Paid Search,Savings Account,12,12,3,188.5,25.0
2026-03-13,Mobile,Referral,Credit Card,7,7,3,288.57142857142856,42.86
2026-03-13,Mobile,Referral,Fixed Deposit,1,1,0,133.0,0.0
2026-03-13,Mobile,Referral,Personal Loan,2,2,0,192.0,0.0
2026-03-13,Mobile,Referral,Savings Account,6,6,2,302.1666666666667,33.33
2026-03-13,Tablet,Direct,Credit Card,2,2,0,241.5,0.0
2026-03-13,Tablet,Direct,Savings Account,3,3,0,315.0,0.0
2026-03-13,Tablet,Email,Credit Card,1,1,0,57.0,0.0
2026-03-13,Tablet,Email,Savings Account,1,1,0,176.0,0.0
2026-03-13,Tablet,Organic,Credit Card,2,2,1,348.5,50.0
2026-03-13,Tablet,Organic,Savings Account,2,2,1,207.0,50.0
2026-03-13,Tablet,Paid Search,Credit Card,2,2,2,417.0,100.0
2026-03-13,Tablet,Paid Search,Fixed Deposit,1,1,0,142.0,0.0
2026-03-14,Desktop,Direct,Credit Card,5,5,1,153.8,20.0
2026-03-14,Desktop,Direct,Fixed Deposit,2,2,0,262.5,0.0
2026-03-14,Desktop,Direct,Personal Loan,4,4,0,280.5,0.0
2026-03-14,Desktop,Direct,Savings Account,5,5,1,196.6,20.0
2026-03-14,Desktop,Email,Credit Card,8,8,1,178.875,12.5
2026-03-14,Desktop,Email,Fixed Deposit,4,4,2,246.0,50.0
2026-03-14,Desktop,Email,Personal Loan,5,5,2,350.4,40.0
2026-03-14,Desktop,Email,Savings Account,1,1,0,367.0,0.0
2026-03-14,Desktop,Organic,Credit Card,6,6,1,153.83333333333334,16.67
2026-03-14,Desktop,Organic,Fixed Deposit,4,4,2,242.0,50.0
2026-03-14,Desktop,Organic,Personal Loan,7,7,1,198.85714285714286,14.29
2026-03-14,Desktop,Organic,Savings Account,4,4,1,127.5,25.0
2026-03-14,Desktop,Paid Search,Credit Card,5,5,0,176.8,0.0
2026-03-14,Desktop,Paid Search,Fixed Deposit,3,3,0,157.0,0.0
2026-03-14,Desktop,Paid Search,Personal Loan,7,7,1,138.28571428571428,14.29
2026-03-14,Desktop,Paid Search,Savings Account,5,5,1,200.4,20.0
2026-03-14,Desktop,Referral,Credit Card,3,3,0,158.33333333333334,0.0
2026-03-14,Desktop,Referral,Fixed Deposit,1,1,0,69.0,0.0
2026-03-14,Desktop,Referral,Personal Loan,2,2,0,101.0,0.0
2026-03-14,Desktop,Referral,Savings Account,2,2,1,213.0,50.0
2026-03-14,Mobile,Direct,Credit Card,12,12,2,225.41666666666666,16.67
2026-03-14,Mobile,Direct,Fixed Deposit,8,8,1,272.75,12.5
2026-03-14,Mobile,Direct,Personal Loan,11,11,4,202.72727272727272,36.36
2026-03-14,Mobile,Direct,Savings Account,16,16,3,224.875,18.75
2026-03-14,Mobile,Email,Credit Card,7,7,0,119.85714285714286,0.0
2026-03-14,Mobile,Email,Fixed Deposit,3,3,1,329.0,33.33
2026-03-14,Mobile,Email,Personal Loan,13,13,5,269.53846153846155,38.46
2026-03-14,Mobile,Email,Savings Account,9,9,2,239.88888888888889,22.22
2026-03-14,Mobile,Organic,Credit Card,19,19,3,219.57894736842104,15.79
2026-03-14,Mobile,Organic,Fixed Deposit,15,15,1,200.53333333333333,6.67
2026-03-14,Mobile,Organic,Personal Loan,13,13,3,248.84615384615384,23.08
2026-03-14,Mobile,Organic,Savings Account,16,16,4,244.5625,25.0
2026-03-14,Mobile,Paid Search,Credit Card,16,16,4,212.75,25.0
2026-03-14,Mobile,Paid Search,Fixed Deposit,1,1,1,308.0,100.0
2026-03-14,Mobile,Paid Search,Personal Loan,8,8,1,231.125,12.5
2026-03-14,Mobile,Paid Search,Savings Account,15,15,5,265.73333333333335,33.33
2026-03-14,Mobile,Referral,Credit Card,4,4,0,82.5,0.0
2026-03-14,Mobile,Referral,Fixed Deposit,3,3,1,277.3333333333333,33.33
2026-03-14,Mobile,Referral,Personal Loan,9,9,1,254.33333333333334,11.11
2026-03-14,Mobile,Referral,Savings Account,4,4,0,230.0,0.0
2026-03-14,Tablet,Direct,Credit Card,4,4,0,115.25,0.0
2026-03-14,Tablet,Direct,Savings Account,4,4,2,258.25,50.0
2026-03-14,Tablet,Email,Credit Card,1,1,1,366.0,100.0
2026-03-14,Tablet,Email,Fixed Deposit,1,1,0,76.0,0.0
2026-03-14,Tablet,Email,Savings Account,2,2,1,241.0,50.0
2026-03-14,Tablet,Organic,Credit Card,5,5,3,219.6,60.0
2026-03-14,Tablet,Organic,Fixed Deposit,1,1,0,166.0,0.0
2026-03-14,Tablet,Organic,Personal Loan,1,1,0,25.0,0.0
2026-03-14,Tablet,Organic,Savings Account,2,2,0,106.5,0.0
2026-03-14,Tablet,Paid Search,Credit Card,1,1,0,243.0,0.0
2026-03-14,Tablet,Paid Search,Fixed Deposit,1,1,1,410.0,100.0
2026-03-14,Tablet,Paid Search,Savings Account,1,1,0,67.0,0.0
2026-03-14,Tablet,Referral,Personal Loan,1,1,0,373.0,0.0
2026-03-15,Desktop,Direct,Credit Card,5,5,2,251.6,40.0
2026-03-15,Desktop,Direct,Fixed Deposit,2,2,1,304.5,50.0
2026-03-15,Desktop,Direct,Personal Loan,2,2,0,114.0,0.0
2026-03-15,Desktop,Direct,Savings Account,6,6,3,265.5,50.0
2026-03-15,Desktop,Email,Credit Card,2,2,1,243.0,50.0
2026-03-15,Desktop,Email,Fixed Deposit,1,1,0,228.0,0.0
2026-03-15,Desktop,Email,Personal Loan,3,3,1,178.66666666666666,33.33
2026-03-15,Desktop,Email,Savings Account,1,1,1,434.0,100.0
2026-03-15,Desktop,Organic,Credit Card,9,9,1,177.66666666666666,11.11
2026-03-15,Desktop,Organic,Fixed Deposit,4,4,1,207.5,25.0
2026-03-15,Desktop,Organic,Personal Loan,5,5,1,202.8,20.0
2026-03-15,Desktop,Organic,Savings Account,14,14,7,270.07142857142856,50.0
2026-03-15,Desktop,Paid Search,Credit Card,5,5,2,287.2,40.0
2026-03-15,Desktop,Paid Search,Fixed Deposit,1,1,1,439.0,100.0
2026-03-15,Desktop,Paid Search,Personal Loan,5,5,3,226.6,60.0
2026-03-15,Desktop,Paid Search,Savings Account,8,8,0,177.375,0.0
2026-03-15,Desktop,Referral,Credit Card,6,6,2,281.3333333333333,33.33
2026-03-15,Desktop,Referral,Fixed Deposit,4,4,2,326.0,50.0
2026-03-15,Desktop,Referral,Personal Loan,3,3,1,242.0,33.33
2026-03-15,Desktop,Referral,Savings Account,1,1,0,74.0,0.0
2026-03-15,Mobile,Direct,Credit Card,14,14,2,222.07142857142858,14.29
2026-03-15,Mobile,Direct,Fixed Deposit,16,16,3,212.375,18.75
2026-03-15,Mobile,Direct,Personal Loan,10,10,1,221.4,10.0
2026-03-15,Mobile,Direct,Savings Account,21,21,6,204.23809523809524,28.57
2026-03-15,Mobile,Email,Credit Card,13,13,3,306.61538461538464,23.08
2026-03-15,Mobile,Email,Fixed Deposit,5,5,4,299.2,80.0
2026-03-15,Mobile,Email,Personal Loan,8,8,1,243.125,12.5
2026-03-15,Mobile,Email,Savings Account,6,6,0,216.0,0.0
2026-03-15,Mobile,Organic,Credit Card,17,17,4,245.2941176470588,23.53
2026-03-15,Mobile,Organic,Fixed Deposit,13,13,3,216.46153846153845,23.08
2026-03-15,Mobile,Organic,Personal Loan,8,8,1,188.5,12.5
2026-03-15,Mobile,Organic,Savings Account,19,19,6,264.36842105263156,31.58
2026-03-15,Mobile,Paid Search,Credit Card,8,8,1,299.5,12.5
2026-03-15,Mobile,Paid Search,Fixed Deposit,4,4,2,235.0,50.0
2026-03-15,Mobile,Paid Search,Personal Loan,7,7,1,265.2857142857143,14.29
2026-03-15,Mobile,Paid Search,Savings Account,13,13,3,206.92307692307693,23.08
2026-03-15,Mobile,Referral,Credit Card,7,7,1,190.85714285714286,14.29
2026-03-15,Mobile,Referral,Fixed Deposit,7,7,0,202.0,0.0
2026-03-15,Mobile,Referral,Personal Loan,2,2,0,126.5,0.0
2026-03-15,Mobile,Referral,Savings Account,11,11,3,231.8181818181818,27.27
2026-03-15,Tablet,Direct,Credit Card,1,1,0,374.0,0.0
2026-03-15,Tablet,Direct,Fixed Deposit,2,2,1,201.0,50.0
2026-03-15,Tablet,Direct,Personal Loan,3,3,0,188.33333333333334,0.0
2026-03-15,Tablet,Direct,Savings Account,3,3,0,180.0,0.0
2026-03-15,Tablet,Email,Credit Card,3,3,0,190.66666666666666,0.0
2026-03-15,Tablet,Email,Fixed Deposit,1,1,0,135.0,0.0
2026-03-15,Tablet,Email,Personal Loan,1,1,0,142.0,0.0
2026-03-15,Tablet,Email,Savings Account,1,1,1,550.0,100.0
2026-03-15,Tablet,Organic,Credit Card,1,1,0,153.0,0.0
2026-03-15,Tablet,Organic,Fixed Deposit,1,1,1,496.0,100.0
2026-03-15,Tablet,Organic,Personal Loan,3,3,2,334.3333333333333,66.67
2026-03-15,Tablet,Paid Search,Fixed Deposit,2,2,0,127.0,0.0
2026-03-15,Tablet,Paid Search,Personal Loan,2,2,0,199.0,0.0
2026-03-15,Tablet,Paid Search,Savings Account,1,1,0,262.0,0.0
2026-03-16,Desktop,Direct,Credit Card,8,8,3,247.75,37.5
2026-03-16,Desktop,Direct,Fixed Deposit,3,3,2,378.6666666666667,66.67
2026-03-16,Desktop,Direct,Personal Loan,4,4,2,266.75,50.0
2026-03-16,Desktop,Direct,Savings Account,9,9,5,269.6666666666667,55.56
2026-03-16,Desktop,Email,Credit Card,5,5,1,188.4,20.0
2026-03-16,Desktop,Email,Fixed Deposit,2,2,1,244.0,50.0
2026-03-16,Desktop,Email,Personal Loan,2,2,0,143.0,0.0
2026-03-16,Desktop,Email,Savings Account,3,3,0,239.66666666666666,0.0
2026-03-16,Desktop,Organic,Credit Card,6,6,1,180.66666666666666,16.67
2026-03-16,Desktop,Organic,Fixed Deposit,5,5,2,172.8,40.0
2026-03-16,Desktop,Organic,Personal Loan,8,8,0,166.25,0.0
2026-03-16,Desktop,Organic,Savings Account,13,13,4,245.92307692307693,30.77
2026-03-16,Desktop,Paid Search,Credit Card,7,7,1,214.71428571428572,14.29
2026-03-16,Desktop,Paid Search,Fixed Deposit,5,5,1,200.0,20.0
2026-03-16,Desktop,Paid Search,Personal Loan,1,1,0,302.0,0.0
2026-03-16,Desktop,Paid Search,Savings Account,6,6,3,293.5,50.0
2026-03-16,Desktop,Referral,Credit Card,1,1,0,114.0,0.0
2026-03-16,Desktop,Referral,Fixed Deposit,1,1,0,240.0,0.0
2026-03-16,Desktop,Referral,Personal Loan,2,2,1,315.5,50.0
2026-03-16,Desktop,Referral,Savings Account,2,2,0,179.5,0.0
2026-03-16,Mobile,Direct,Credit Card,14,14,4,234.0,28.57
2026-03-16,Mobile,Direct,Fixed Deposit,7,7,1,250.0,14.29
2026-03-16,Mobile,Direct,Personal Loan,8,8,2,282.0,25.0
2026-03-16,Mobile,Direct,Savings Account,21,21,11,332.6190476190476,52.38
2026-03-16,Mobile,Email,Credit Card,14,14,3,265.57142857142856,21.43
2026-03-16,Mobile,Email,Fixed Deposit,2,2,0,161.5,0.0
2026-03-16,Mobile,Email,Personal Loan,8,8,1,242.375,12.5
2026-03-16,Mobile,Email,Savings Account,7,7,2,201.57142857142858,28.57
2026-03-16,Mobile,Organic,Credit Card,25,25,10,257.68,40.0
2026-03-16,Mobile,Organic,Fixed Deposit,12,12,3,213.16666666666666,25.0
2026-03-16,Mobile,Organic,Personal Loan,21,21,5,228.52380952380952,23.81
2026-03-16,Mobile,Organic,Savings Account,23,23,6,201.8695652173913,26.09
2026-03-16,Mobile,Paid Search,Credit Card,16,16,4,241.4375,25.0
2026-03-16,Mobile,Paid Search,Fixed Deposit,5,5,1,205.8,20.0
2026-03-16,Mobile,Paid Search,Personal Loan,7,7,4,259.7142857142857,57.14
2026-03-16,Mobile,Paid Search,Savings Account,8,8,2,259.0,25.0
2026-03-16,Mobile,Referral,Credit Card,7,7,1,169.28571428571428,14.29
2026-03-16,Mobile,Referral,Fixed Deposit,2,2,1,351.0,50.0
2026-03-16,Mobile,Referral,Personal Loan,5,5,1,193.6,20.0
2026-03-16,Mobile,Referral,Savings Account,4,4,2,254.5,50.0
2026-03-16,Tablet,Direct,Fixed Deposit,1,1,1,329.0,100.0
2026-03-16,Tablet,Direct,Personal Loan,2,2,0,268.5,0.0
2026-03-16,Tablet,Direct,Savings Account,1,1,0,472.0,0.0
2026-03-16,Tablet,Email,Credit Card,2,2,1,233.5,50.0
2026-03-16,Tablet,Email,Savings Account,1,1,0,165.0,0.0
2026-03-16,Tablet,Organic,Credit Card,1,1,1,425.0,100.0
2026-03-16,Tablet,Organic,Fixed Deposit,1,1,0,23.0,0.0
2026-03-16,Tablet,Organic,Savings Account,1,1,0,67.0,0.0
2026-03-16,Tablet,Paid Search,Credit Card,4,4,1,246.0,25.0
2026-03-16,Tablet,Paid Search,Fixed Deposit,1,1,0,259.0,0.0
2026-03-16,Tablet,Paid Search,Personal Loan,1,1,0,239.0,0.0
2026-03-16,Tablet,Paid Search,Savings Account,1,1,0,65.0,0.0
2026-03-17,Desktop,Direct,Credit Card,4,4,2,254.25,50.0
2026-03-17,Desktop,Direct,Fixed Deposit,2,2,0,129.0,0.0
2026-03-17,Desktop,Direct,Personal Loan,3,3,0,219.66666666666666,0.0
2026-03-17,Desktop,Direct,Savings Account,6,6,3,238.0,50.0
2026-03-17,Desktop,Email,Credit Card,4,4,1,181.25,25.0
2026-03-17,Desktop,Email,Fixed Deposit,3,3,0,360.6666666666667,0.0
2026-03-17,Desktop,Email,Personal Loan,3,3,1,258.0,33.33
2026-03-17,Desktop,Email,Savings Account,5,5,2,277.8,40.0
2026-03-17,Desktop,Organic,Credit Card,12,11,2,210.16666666666666,16.67
2026-03-17,Desktop,Organic,Fixed Deposit,5,5,0,236.2,0.0
2026-03-17,Desktop,Organic,Personal Loan,7,7,2,259.85714285714283,28.57
2026-03-17,Desktop,Organic,Savings Account,9,9,2,243.55555555555554,22.22
2026-03-17,Desktop,Paid Search,Credit Card,4,4,1,260.25,25.0
2026-03-17,Desktop,Paid Search,Fixed Deposit,2,2,1,215.0,50.0
2026-03-17,Desktop,Paid Search,Personal Loan,4,4,1,185.25,25.0
2026-03-17,Desktop,Paid Search,Savings Account,12,12,5,215.16666666666666,41.67
2026-03-17,Desktop,Referral,Credit Card,3,3,1,230.33333333333334,33.33
2026-03-17,Desktop,Referral,Fixed Deposit,1,1,0,501.0,0.0
2026-03-17,Desktop,Referral,Personal Loan,3,3,0,180.33333333333334,0.0
2026-03-17,Desktop,Referral,Savings Account,2,2,1,345.5,50.0
2026-03-17,Mobile,Direct,Credit Card,18,18,6,250.22222222222223,33.33
2026-03-17,Mobile,Direct,Fixed Deposit,14,14,6,306.7857142857143,42.86
2026-03-17,Mobile,Direct,Personal Loan,14,14,3,186.42857142857142,21.43
2026-03-17,Mobile,Direct,Savings Account,19,19,6,230.31578947368422,31.58
2026-03-17,Mobile,Email,Credit Card,9,9,1,248.33333333333334,11.11
2026-03-17,Mobile,Email,Fixed Deposit,4,4,3,260.0,75.0
2026-03-17,Mobile,Email,Personal Loan,6,6,2,289.6666666666667,33.33
2026-03-17,Mobile,Email,Savings Account,8,8,2,287.375,25.0
2026-03-17,Mobile,Organic,Credit Card,17,17,2,230.58823529411765,11.76
2026-03-17,Mobile,Organic,Fixed Deposit,6,6,2,271.0,33.33
2026-03-17,Mobile,Organic,Personal Loan,19,19,3,203.89473684210526,15.79
2026-03-17,Mobile,Organic,Savings Account,15,15,3,298.4,20.0
2026-03-17,Mobile,Paid Search,Credit Card,9,9,3,288.77777777777777,33.33
2026-03-17,Mobile,Paid Search,Fixed Deposit,5,5,1,228.4,20.0
2026-03-17,Mobile,Paid Search,Personal Loan,18,18,1,224.05555555555554,5.56
2026-03-17,Mobile,Paid Search,Savings Account,12,12,5,291.5833333333333,41.67
2026-03-17,Mobile,Referral,Credit Card,4,4,1,191.0,25.0
2026-03-17,Mobile,Referral,Fixed Deposit,3,3,0,328.0,0.0
2026-03-17,Mobile,Referral,Personal Loan,7,7,1,156.0,14.29
2026-03-17,Mobile,Referral,Savings Account,6,6,1,207.66666666666666,16.67
2026-03-17,Tablet,Direct,Credit Card,1,1,0,59.0,0.0
2026-03-17,Tablet,Direct,Fixed Deposit,1,1,1,419.0,100.0
2026-03-17,Tablet,Direct,Personal Loan,1,1,0,191.0,0.0
2026-03-17,Tablet,Direct,Savings Account,2,2,2,336.5,100.0
2026-03-17,Tablet,Email,Savings Account,3,3,1,170.0,33.33
2026-03-17,Tablet,Organic,Credit Card,1,1,0,195.0,0.0
2026-03-17,Tablet,Organic,Savings Account,1,1,1,279.0,100.0
2026-03-17,Tablet,Paid Search,Savings Account,1,1,1,396.0,100.0
2026-03-18,Desktop,Direct,Credit Card,6,6,1,226.83333333333334,16.67
2026-03-18,Desktop,Direct,Fixed Deposit,4,4,2,362.25,50.0
2026-03-18,Desktop,Direct,Personal Loan,5,5,2,283.2,40.0
2026-03-18,Desktop,Direct,Savings Account,4,4,2,297.0,50.0
2026-03-18,Desktop,Email,Credit Card,3,3,0,113.0,0.0
2026-03-18,Desktop,Email,Fixed Deposit,4,4,2,315.75,50.0
2026-03-18,Desktop,Email,Personal Loan,3,3,0,71.33333333333333,0.0
2026-03-18,Desktop,Email,Savings Account,1,1,0,59.0,0.0
2026-03-18,Desktop,Organic,Credit Card,10,10,1,192.2,10.0
2026-03-18,Desktop,Organic,Fixed Deposit,4,4,1,200.5,25.0
2026-03-18,Desktop,Organic,Personal Loan,6,6,1,261.1666666666667,16.67
2026-03-18,Desktop,Organic,Savings Account,12,12,4,235.08333333333334,33.33
2026-03-18,Desktop,Paid Search,Credit Card,3,3,1,198.0,33.33
2026-03-18,Desktop,Paid Search,Fixed Deposit,2,2,0,143.0,0.0
2026-03-18,Desktop,Paid Search,Personal Loan,1,1,0,493.0,0.0
2026-03-18,Desktop,Paid Search,Savings Account,7,7,4,267.2857142857143,57.14
2026-03-18,Desktop,Referral,Credit Card,4,4,1,277.75,25.0
2026-03-18,Desktop,Referral,Personal Loan,2,2,0,204.5,0.0
2026-03-18,Desktop,Referral,Savings Account,2,2,1,330.5,50.0
2026-03-18,Mobile,Direct,Credit Card,14,14,5,250.35714285714286,35.71
2026-03-18,Mobile,Direct,Fixed Deposit,11,11,4,266.72727272727275,36.36
2026-03-18,Mobile,Direct,Personal Loan,13,13,2,199.6153846153846,15.38
2026-03-18,Mobile,Direct,Savings Account,15,15,4,200.26666666666668,26.67
2026-03-18,Mobile,Email,Credit Card,5,5,4,387.8,80.0
2026-03-18,Mobile,Email,Fixed Deposit,2,2,0,158.0,0.0
2026-03-18,Mobile,Email,Personal Loan,2,2,0,159.0,0.0
2026-03-18,Mobile,Email,Savings Account,16,16,6,294.5,37.5
2026-03-18,Mobile,Organic,Credit Card,24,24,4,229.125,16.67
2026-03-18,Mobile,Organic,Fixed Deposit,4,4,1,234.25,25.0
2026-03-18,Mobile,Organic,Personal Loan,14,14,2,177.5,14.29
2026-03-18,Mobile,Organic,Savings Account,19,19,8,295.89473684210526,42.11
2026-03-18,Mobile,Paid Search,Credit Card,8,8,4,245.875,50.0
2026-03-18,Mobile,Paid Search,Fixed Deposit,6,6,2,276.8333333333333,33.33
2026-03-18,Mobile,Paid Search,Personal Loan,11,11,0,180.1818181818182,0.0
2026-03-18,Mobile,Paid Search,Savings Account,16,16,2,199.0,12.5
2026-03-18,Mobile,Referral,Credit Card,10,10,2,183.1,20.0
2026-03-18,Mobile,Referral,Fixed Deposit,2,2,1,298.0,50.0
2026-03-18,Mobile,Referral,Personal Loan,7,7,0,174.28571428571428,0.0
2026-03-18,Mobile,Referral,Savings Account,5,5,1,182.4,20.0
2026-03-18,Tablet,Direct,Credit Card,1,1,0,167.0,0.0
2026-03-18,Tablet,Direct,Personal Loan,1,1,0,331.0,0.0
2026-03-18,Tablet,Direct,Savings Account,2,2,0,170.0,0.0
2026-03-18,Tablet,Email,Credit Card,1,1,0,312.0,0.0
2026-03-18,Tablet,Email,Savings Account,1,1,0,200.0,0.0
2026-03-18,Tablet,Organic,Credit Card,2,2,0,226.0,0.0
2026-03-18,Tablet,Organic,Savings Account,3,3,1,145.33333333333334,33.33
2026-03-18,Tablet,Paid Search,Credit Card,2,2,0,153.5,0.0
2026-03-18,Tablet,Paid Search,Savings Account,2,2,0,172.0,0.0
2026-03-18,Tablet,Referral,Savings Account,1,1,0,226.0,0.0
2026-03-19,Desktop,Direct,Credit Card,10,10,0,173.7,0.0
2026-03-19,Desktop,Direct,Fixed Deposit,4,4,1,369.75,25.0
2026-03-19,Desktop,Direct,Personal Loan,10,10,1,205.1,10.0
2026-03-19,Desktop,Direct,Savings Account,7,7,1,220.0,14.29
2026-03-19,Desktop,Email,Credit Card,3,3,2,284.0,66.67
2026-03-19,Desktop,Email,Fixed Deposit,1,1,1,294.0,100.0
2026-03-19,Desktop,Email,Personal Loan,4,4,1,271.0,25.0
2026-03-19,Desktop,Email,Savings Account,3,3,1,186.66666666666666,33.33
2026-03-19,Desktop,Organic,Credit Card,14,14,6,274.85714285714283,42.86
2026-03-19,Desktop,Organic,Fixed Deposit,3,3,3,308.3333333333333,100.0
2026-03-19,Desktop,Organic,Personal Loan,11,11,2,165.0909090909091,18.18
2026-03-19,Desktop,Organic,Savings Account,6,6,2,211.5,33.33
2026-03-19,Desktop,Paid Search,Credit Card,3,3,1,284.0,33.33
2026-03-19,Desktop,Paid Search,Fixed Deposit,3,3,0,185.0,0.0
2026-03-19,Desktop,Paid Search,Personal Loan,2,2,0,246.0,0.0
2026-03-19,Desktop,Paid Search,Savings Account,5,5,1,279.4,20.0
2026-03-19,Desktop,Referral,Credit Card,4,4,0,130.25,0.0
2026-03-19,Desktop,Referral,Fixed Deposit,2,2,1,330.0,50.0
2026-03-19,Desktop,Referral,Savings Account,5,5,3,356.4,60.0
2026-03-19,Mobile,Direct,Credit Card,15,15,6,264.93333333333334,40.0
2026-03-19,Mobile,Direct,Fixed Deposit,10,10,5,298.3,50.0
2026-03-19,Mobile,Direct,Personal Loan,15,15,1,175.0,6.67
2026-03-19,Mobile,Direct,Savings Account,21,21,8,260.42857142857144,38.1
2026-03-19,Mobile,Email,Credit Card,9,9,1,210.22222222222223,11.11
2026-03-19,Mobile,Email,Fixed Deposit,5,5,3,300.4,60.0
2026-03-19,Mobile,Email,Personal Loan,5,5,0,130.4,0.0
2026-03-19,Mobile,Email,Savings Account,6,6,0,181.83333333333334,0.0
2026-03-19,Mobile,Organic,Credit Card,26,26,4,205.0,15.38
2026-03-19,Mobile,Organic,Fixed Deposit,10,10,3,243.4,30.0
2026-03-19,Mobile,Organic,Personal Loan,20,20,6,226.15,30.0
2026-03-19,Mobile,Organic,Savings Account,22,22,2,194.8181818181818,9.09
2026-03-19,Mobile,Paid Search,Credit Card,19,19,3,204.89473684210526,15.79
2026-03-19,Mobile,Paid Search,Fixed Deposit,7,7,1,268.14285714285717,14.29
2026-03-19,Mobile,Paid Search,Personal Loan,12,12,3,308.1666666666667,25.0
2026-03-19,Mobile,Paid Search,Savings Account,16,16,6,255.4375,37.5
2026-03-19,Mobile,Referral,Credit Card,7,7,2,183.85714285714286,28.57
2026-03-19,Mobile,Referral,Fixed Deposit,2,2,0,194.5,0.0
2026-03-19,Mobile,Referral,Personal Loan,5,5,1,162.8,20.0
2026-03-19,Mobile,Referral,Savings Account,6,6,2,308.5,33.33
2026-03-19,Tablet,Direct,Credit Card,2,2,0,271.0,0.0
2026-03-19,Tablet,Direct,Fixed Deposit,1,1,0,216.0,0.0
2026-03-19,Tablet,Direct,Savings Account,1,1,0,308.0,0.0
2026-03-19,Tablet,Email,Credit Card,1,1,0,95.0,0.0
2026-03-19,Tablet,Email,Fixed Deposit,1,1,0,25.0,0.0
2026-03-19,Tablet,Organic,Credit Card,2,2,0,294.0,0.0
2026-03-19,Tablet,Organic,Fixed Deposit,1,1,0,210.0,0.0
2026-03-19,Tablet,Organic,Personal Loan,2,2,1,177.0,50.0
2026-03-19,Tablet,Organic,Savings Account,1,1,0,122.0,0.0
2026-03-19,Tablet,Paid Search,Credit Card,3,3,0,158.66666666666666,0.0
2026-03-19,Tablet,Referral,Credit Card,1,1,0,285.0,0.0
2026-03-19,Tablet,Referral,Personal Loan,1,1,1,375.0,100.0
2026-03-19,Tablet,Referral,Savings Account,2,2,0,192.5,0.0
2026-03-20,Desktop,Direct,Credit Card,6,6,1,257.1666666666667,16.67
2026-03-20,Desktop,Direct,Fixed Deposit,2,2,0,64.0,0.0
2026-03-20,Desktop,Direct,Personal Loan,3,3,1,364.0,33.33
2026-03-20,Desktop,Direct,Savings Account,8,8,2,162.75,25.0
2026-03-20,Desktop,Email,Credit Card,3,3,0,262.3333333333333,0.0
2026-03-20,Desktop,Email,Fixed Deposit,1,1,0,205.0,0.0
2026-03-20,Desktop,Email,Savings Account,7,7,1,161.42857142857142,14.29
2026-03-20,Desktop,Organic,Credit Card,9,9,1,220.77777777777777,11.11
2026-03-20,Desktop,Organic,Fixed Deposit,3,3,1,286.3333333333333,33.33
2026-03-20,Desktop,Organic,Personal Loan,11,11,4,277.6363636363636,36.36
2026-03-20,Desktop,Organic,Savings Account,11,11,1,193.8181818181818,9.09
2026-03-20,Desktop,Paid Search,Credit Card,11,11,3,181.36363636363637,27.27
2026-03-20,Desktop,Paid Search,Personal Loan,7,7,2,257.57142857142856,28.57
2026-03-20,Desktop,Paid Search,Savings Account,8,8,3,260.125,37.5
2026-03-20,Desktop,Referral,Credit Card,4,4,0,127.25,0.0
2026-03-20,Desktop,Referral,Fixed Deposit,3,3,1,319.0,33.33
2026-03-20,Desktop,Referral,Personal Loan,2,2,0,107.5,0.0
2026-03-20,Desktop,Referral,Savings Account,2,2,0,318.0,0.0
2026-03-20,Mobile,Direct,Credit Card,16,16,5,258.9375,31.25
2026-03-20,Mobile,Direct,Fixed Deposit,13,13,2,245.46153846153845,15.38
2026-03-20,Mobile,Direct,Personal Loan,10,10,2,148.8,20.0
2026-03-20,Mobile,Direct,Savings Account,25,25,7,242.56,28.0
2026-03-20,Mobile,Email,Credit Card,8,8,3,239.25,37.5
2026-03-20,Mobile,Email,Fixed Deposit,7,7,0,191.0,0.0
2026-03-20,Mobile,Email,Personal Loan,5,5,2,229.8,40.0
2026-03-20,Mobile,Email,Savings Account,5,5,1,272.2,20.0
2026-03-20,Mobile,Organic,Credit Card,22,22,4,186.3181818181818,18.18
2026-03-20,Mobile,Organic,Fixed Deposit,6,6,1,277.8333333333333,16.67
2026-03-20,Mobile,Organic,Personal Loan,18,18,6,278.44444444444446,33.33
2026-03-20,Mobile,Organic,Savings Account,23,23,3,203.04347826086956,13.04
2026-03-20,Mobile,Paid Search,Credit Card,22,22,5,183.0,22.73
2026-03-20,Mobile,Paid Search,Fixed Deposit,10,10,2,217.8,20.0
2026-03-20,Mobile,Paid Search,Personal Loan,14,14,1,215.85714285714286,7.14
2026-03-20,Mobile,Paid Search,Savings Account,22,22,3,196.5,13.64
2026-03-20,Mobile,Referral,Credit Card,5,5,0,183.0,0.0
2026-03-20,Mobile,Referral,Fixed Deposit,2,2,0,154.0,0.0
2026-03-20,Mobile,Referral,Personal Loan,6,6,0,119.0,0.0
2026-03-20,Mobile,Referral,Savings Account,4,4,1,313.5,25.0
2026-03-20,Tablet,Direct,Fixed Deposit,3,3,1,256.3333333333333,33.33
2026-03-20,Tablet,Direct,Personal Loan,1,1,1,366.0,100.0
2026-03-20,Tablet,Direct,Savings Account,2,2,0,185.5,0.0
2026-03-20,Tablet,Organic,Fixed Deposit,1,1,0,144.0,0.0
2026-03-20,Tablet,Organic,Personal Loan,2,2,0,211.0,0.0
2026-03-20,Tablet,Organic,Savings Account,4,4,1,135.75,25.0
2026-03-20,Tablet,Paid Search,Credit Card,2,2,1,243.0,50.0
2026-03-20,Tablet,Paid Search,Savings Account,2,2,0,79.0,0.0
2026-03-20,Tablet,Referral,Credit Card,1,1,0,179.0,0.0
2026-03-20,Tablet,Referral,Fixed Deposit,1,1,0,9.0,0.0
2026-03-20,Tablet,Referral,Savings Account,1,1,0,25.0,0.0
2026-03-21,Desktop,Direct,Credit Card,8,8,4,311.0,50.0
2026-03-21,Desktop,Direct,Fixed Deposit,4,4,2,304.0,50.0
2026-03-21,Desktop,Direct,Personal Loan,6,6,3,270.8333333333333,50.0
2026-03-21,Desktop,Direct,Savings Account,8,8,4,366.625,50.0
2026-03-21,Desktop,Email,Credit Card,12,12,4,234.66666666666666,33.33
2026-03-21,Desktop,Email,Fixed Deposit,2,2,2,245.5,100.0
2026-03-21,Desktop,Email,Personal Loan,3,3,0,123.0,0.0
2026-03-21,Desktop,Email,Savings Account,2,2,0,198.0,0.0
2026-03-21,Desktop,Organic,Credit Card,5,5,2,209.0,40.0
2026-03-21,Desktop,Organic,Fixed Deposit,1,1,0,155.0,0.0
2026-03-21,Desktop,Organic,Personal Loan,4,4,2,263.0,50.0
2026-03-21,Desktop,Organic,Savings Account,8,8,2,266.625,25.0
2026-03-21,Desktop,Paid Search,Credit Card,11,11,4,232.0909090909091,36.36
2026-03-21,Desktop,Paid Search,Fixed Deposit,3,3,1,215.0,33.33
2026-03-21,Desktop,Paid Search,Personal Loan,5,5,1,229.4,20.0
2026-03-21,Desktop,Paid Search,Savings Account,5,5,2,247.4,40.0
2026-03-21,Desktop,Referral,Credit Card,1,1,0,61.0,0.0
2026-03-21,Desktop,Referral,Fixed Deposit,1,1,0,70.0,0.0
2026-03-21,Desktop,Referral,Personal Loan,1,1,0,111.0,0.0
2026-03-21,Desktop,Referral,Savings Account,2,2,1,357.5,50.0
2026-03-21,Mobile,Direct,Credit Card,22,22,4,207.45454545454547,18.18
2026-03-21,Mobile,Direct,Fixed Deposit,6,6,2,247.66666666666666,33.33
2026-03-21,Mobile,Direct,Personal Loan,7,7,3,238.28571428571428,42.86
2026-03-21,Mobile,Direct,Savings Account,24,24,6,250.5,25.0
2026-03-21,Mobile,Email,Credit Card,6,6,2,253.5,33.33
2026-03-21,Mobile,Email,Fixed Deposit,4,4,1,183.75,25.0
2026-03-21,Mobile,Email,Personal Loan,5,5,3,273.6,60.0
2026-03-21,Mobile,Email,Savings Account,7,7,2,267.2857142857143,28.57
2026-03-21,Mobile,Organic,Credit Card,14,14,4,279.35714285714283,28.57
2026-03-21,Mobile,Organic,Fixed Deposit,13,13,1,206.3846153846154,7.69
2026-03-21,Mobile,Organic,Personal Loan,20,20,2,195.75,10.0
2026-03-21,Mobile,Organic,Savings Account,28,28,5,250.25,17.86
2026-03-21,Mobile,Paid Search,Credit Card,15,15,6,234.13333333333333,40.0
2026-03-21,Mobile,Paid Search,Fixed Deposit,6,6,1,209.0,16.67
2026-03-21,Mobile,Paid Search,Personal Loan,13,13,3,218.69230769230768,23.08
2026-03-21,Mobile,Paid Search,Savings Account,17,17,6,219.76470588235293,35.29
2026-03-21,Mobile,Referral,Credit Card,8,8,0,247.375,0.0
2026-03-21,Mobile,Referral,Fixed Deposit,5,5,1,183.2,20.0
2026-03-21,Mobile,Referral,Personal Loan,2,2,1,141.5,50.0
2026-03-21,Mobile,Referral,Savings Account,9,9,3,141.33333333333334,33.33
2026-03-21,Tablet,Direct,Credit Card,1,1,0,222.0,0.0
2026-03-21,Tablet,Direct,Personal Loan,2,2,0,157.5,0.0
2026-03-21,Tablet,Email,Fixed Deposit,1,1,1,329.0,100.0
2026-03-21,Tablet,Email,Personal Loan,1,1,0,214.0,0.0
2026-03-21,Tablet,Email,Savings Account,1,1,0,130.0,0.0
2026-03-21,Tablet,Organic,Savings Account,3,3,1,315.3333333333333,33.33
2026-03-21,Tablet,Paid Search,Credit Card,1,1,1,402.0,100.0
2026-03-21,Tablet,Paid Search,Fixed Deposit,1,1,0,279.0,0.0
2026-03-21,Tablet,Referral,Fixed Deposit,1,1,0,220.0,0.0
2026-03-21,Tablet,Referral,Personal Loan,1,1,1,276.0,100.0
2026-03-22,Desktop,Direct,Credit Card,5,5,1,162.0,20.0
2026-03-22,Desktop,Direct,Fixed Deposit,1,1,0,231.0,0.0
2026-03-22,Desktop,Direct,Personal Loan,7,7,3,220.57142857142858,42.86
2026-03-22,Desktop,Direct,Savings Account,9,9,2,259.1111111111111,22.22
2026-03-22,Desktop,Email,Credit Card,3,3,0,258.6666666666667,0.0
2026-03-22,Desktop,Email,Personal Loan,1,1,0,192.0,0.0
2026-03-22,Desktop,Email,Savings Account,4,4,3,363.25,75.0
2026-03-22,Desktop,Organic,Credit Card,10,10,2,232.6,20.0
2026-03-22,Desktop,Organic,Fixed Deposit,3,3,1,214.33333333333334,33.33
2026-03-22,Desktop,Organic,Personal Loan,7,7,0,126.42857142857143,0.0
2026-03-22,Desktop,Organic,Savings Account,7,7,2,224.0,28.57
2026-03-22,Desktop,Paid Search,Credit Card,4,4,0,149.5,0.0
2026-03-22,Desktop,Paid Search,Personal Loan,5,5,2,274.0,40.0
2026-03-22,Desktop,Paid Search,Savings Account,9,9,3,217.55555555555554,33.33
2026-03-22,Desktop,Referral,Credit Card,2,2,0,113.0,0.0
2026-03-22,Desktop,Referral,Personal Loan,1,1,1,237.0,100.0
2026-03-22,Desktop,Referral,Savings Account,4,4,2,263.5,50.0
2026-03-22,Mobile,Direct,Credit Card,17,17,3,244.35294117647058,17.65
2026-03-22,Mobile,Direct,Fixed Deposit,4,4,1,279.0,25.0
2026-03-22,Mobile,Direct,Personal Loan,15,15,4,210.6,26.67
2026-03-22,Mobile,Direct,Savings Account,20,20,12,302.6,60.0
2026-03-22,Mobile,Email,Credit Card,7,7,3,244.71428571428572,42.86
2026-03-22,Mobile,Email,Fixed Deposit,5,5,1,222.6,20.0
2026-03-22,Mobile,Email,Personal Loan,8,8,1,225.375,12.5
2026-03-22,Mobile,Email,Savings Account,3,3,2,381.6666666666667,66.67
2026-03-22,Mobile,Organic,Credit Card,24,24,4,238.75,16.67
2026-03-22,Mobile,Organic,Fixed Deposit,17,17,3,205.23529411764707,17.65
2026-03-22,Mobile,Organic,Personal Loan,15,15,1,185.6,6.67
2026-03-22,Mobile,Organic,Savings Account,23,22,10,258.3478260869565,43.48
2026-03-22,Mobile,Paid Search,Credit Card,14,14,2,233.71428571428572,14.29
2026-03-22,Mobile,Paid Search,Fixed Deposit,10,10,2,160.5,20.0
2026-03-22,Mobile,Paid Search,Personal Loan,9,9,1,153.0,11.11
2026-03-22,Mobile,Paid Search,Savings Account,18,18,5,227.11111111111111,27.78
2026-03-22,Mobile,Referral,Credit Card,7,7,1,220.0,14.29
2026-03-22,Mobile,Referral,Fixed Deposit,4,4,0,189.25,0.0
2026-03-22,Mobile,Referral,Personal Loan,3,3,0,102.66666666666667,0.0
2026-03-22,Mobile,Referral,Savings Account,8,8,4,239.75,50.0
2026-03-22,Tablet,Direct,Credit Card,3,3,2,292.3333333333333,66.67
2026-03-22,Tablet,Direct,Savings Account,1,1,0,96.0,0.0
2026-03-22,Tablet,Email,Credit Card,1,1,0,171.0,0.0
2026-03-22,Tablet,Email,Personal Loan,2,2,0,155.0,0.0
2026-03-22,Tablet,Organic,Fixed Deposit,4,4,0,175.5,0.0
2026-03-22,Tablet,Organic,Personal Loan,3,3,0,202.33333333333334,0.0
2026-03-22,Tablet,Organic,Savings Account,1,1,0,188.0,0.0
2026-03-22,Tablet,Paid Search,Credit Card,1,1,0,78.0,0.0
2026-03-22,Tablet,Paid Search,Fixed Deposit,1,1,1,358.0,100.0
2026-03-22,Tablet,Paid Search,Personal Loan,2,2,0,192.5,0.0
2026-03-22,Tablet,Paid Search,Savings Account,1,1,1,380.0,100.0
2026-03-23,Desktop,Direct,Credit Card,6,6,2,216.33333333333334,33.33
2026-03-23,Desktop,Direct,Fixed Deposit,5,5,1,212.6,20.0
2026-03-23,Desktop,Direct,Personal Loan,9,9,1,267.55555555555554,11.11
2026-03-23,Desktop,Direct,Savings Account,9,9,4,198.33333333333334,44.44
2026-03-23,Desktop,Email,Credit Card,2,2,1,176.5,50.0
2026-03-23,Desktop,Email,Fixed Deposit,1,1,1,329.0,100.0
2026-03-23,Desktop,Email,Personal Loan,2,2,0,132.5,0.0
2026-03-23,Desktop,Email,Savings Account,7,7,0,181.0,0.0
2026-03-23,Desktop,Organic,Credit Card,8,8,5,301.75,62.5
2026-03-23,Desktop,Organic,Fixed Deposit,6,6,1,227.0,16.67
2026-03-23,Desktop,Organic,Personal Loan,2,2,0,162.0,0.0
2026-03-23,Desktop,Organic,Savings Account,8,8,1,251.875,12.5
2026-03-23,Desktop,Paid Search,Credit Card,11,11,4,312.1818181818182,36.36
2026-03-23,Desktop,Paid Search,Fixed Deposit,3,3,1,268.6666666666667,33.33
2026-03-23,Desktop,Paid Search,Personal Loan,7,7,2,231.57142857142858,28.57
2026-03-23,Desktop,Paid Search,Savings Account,10,10,1,198.6,10.0
2026-03-23,Desktop,Referral,Credit Card,2,2,1,470.0,50.0
2026-03-23,Desktop,Referral,Personal Loan,4,4,0,183.5,0.0
2026-03-23,Desktop,Referral,Savings Account,5,5,1,239.4,20.0
2026-03-23,Mobile,Direct,Credit Card,17,17,2,179.47058823529412,11.76
2026-03-23,Mobile,Direct,Fixed Deposit,6,6,1,170.83333333333334,16.67
2026-03-23,Mobile,Direct,Personal Loan,5,5,0,193.0,0.0
2026-03-23,Mobile,Direct,Savings Account,18,18,4,218.16666666666666,22.22
2026-03-23,Mobile,Email,Credit Card,2,2,1,266.0,50.0
2026-03-23,Mobile,Email,Fixed Deposit,7,7,1,178.57142857142858,14.29
2026-03-23,Mobile,Email,Personal Loan,7,7,1,187.42857142857142,14.29
2026-03-23,Mobile,Email,Savings Account,5,5,1,285.8,20.0
2026-03-23,Mobile,Organic,Credit Card,24,24,4,229.79166666666666,16.67
2026-03-23,Mobile,Organic,Fixed Deposit,6,6,1,160.0,16.67
2026-03-23,Mobile,Organic,Personal Loan,10,10,2,273.6,20.0
2026-03-23,Mobile,Organic,Savings Account,27,27,8,234.07407407407408,29.63
2026-03-23,Mobile,Paid Search,Credit Card,13,13,0,229.46153846153845,0.0
2026-03-23,Mobile,Paid Search,Fixed Deposit,2,2,1,297.5,50.0
2026-03-23,Mobile,Paid Search,Personal Loan,11,11,1,219.0909090909091,9.09
2026-03-23,Mobile,Paid Search,Savings Account,15,15,7,299.46666666666664,46.67
2026-03-23,Mobile,Referral,Credit Card,9,9,1,234.11111111111111,11.11
2026-03-23,Mobile,Referral,Fixed Deposit,3,3,0,236.66666666666666,0.0
2026-03-23,Mobile,Referral,Personal Loan,6,6,0,148.83333333333334,0.0
2026-03-23,Mobile,Referral,Savings Account,7,7,1,273.85714285714283,14.29
2026-03-23,Tablet,Direct,Credit Card,3,3,1,251.33333333333334,33.33
2026-03-23,Tablet,Direct,Personal Loan,4,4,1,273.5,25.0
2026-03-23,Tablet,Direct,Savings Account,5,5,3,270.0,60.0
2026-03-23,Tablet,Email,Credit Card,2,2,2,320.0,100.0
2026-03-23,Tablet,Email,Personal Loan,2,2,0,243.0,0.0
2026-03-23,Tablet,Email,Savings Account,1,1,0,65.0,0.0
2026-03-23,Tablet,Organic,Fixed Deposit,1,1,0,100.0,0.0
2026-03-23,Tablet,Organic,Savings Account,1,1,0,186.0,0.0
2026-03-23,Tablet,Paid Search,Credit Card,1,1,0,61.0,0.0
2026-03-23,Tablet,Paid Search,Savings Account,1,1,0,115.0,0.0
2026-03-23,Tablet,Referral,Credit Card,1,1,1,354.0,100.0
2026-03-23,Tablet,Referral,Personal Loan,3,3,0,157.33333333333334,0.0
2026-03-23,Tablet,Referral,Savings Account,1,1,0,124.0,0.0
2026-03-24,Desktop,Direct,Credit Card,4,4,1,188.75,25.0
2026-03-24,Desktop,Direct,Fixed Deposit,3,3,1,197.66666666666666,33.33
2026-03-24,Desktop,Direct,Personal Loan,3,3,0,132.0,0.0
2026-03-24,Desktop,Direct,Savings Account,8,8,2,184.625,25.0
2026-03-24,Desktop,Email,Credit Card,7,7,3,211.57142857142858,42.86
2026-03-24,Desktop,Email,Fixed Deposit,1,1,0,70.0,0.0
2026-03-24,Desktop,Email,Personal Loan,3,3,1,211.33333333333334,33.33
2026-03-24,Desktop,Organic,Credit Card,11,11,1,193.0909090909091,9.09
2026-03-24,Desktop,Organic,Fixed Deposit,7,7,2,286.7142857142857,28.57
2026-03-24,Desktop,Organic,Personal Loan,6,6,2,202.83333333333334,33.33
2026-03-24,Desktop,Organic,Savings Account,15,15,3,215.26666666666668,20.0
2026-03-24,Desktop,Paid Search,Credit Card,8,8,1,229.625,12.5
2026-03-24,Desktop,Paid Search,Fixed Deposit,5,5,1,194.2,20.0
2026-03-24,Desktop,Paid Search,Personal Loan,4,4,0,184.0,0.0
2026-03-24,Desktop,Paid Search,Savings Account,7,7,3,235.85714285714286,42.86
2026-03-24,Desktop,Referral,Credit Card,3,3,0,289.0,0.0
2026-03-24,Desktop,Referral,Savings Account,5,5,2,318.2,40.0
2026-03-24,Mobile,Direct,Credit Card,19,19,2,206.89473684210526,10.53
2026-03-24,Mobile,Direct,Fixed Deposit,13,13,4,263.15384615384613,30.77
2026-03-24,Mobile,Direct,Personal Loan,16,16,3,227.0,18.75
2026-03-24,Mobile,Direct,Savings Account,9,9,2,212.55555555555554,22.22
2026-03-24,Mobile,Email,Credit Card,18,18,5,255.11111111111111,27.78
2026-03-24,Mobile,Email,Fixed Deposit,2,2,0,149.0,0.0
2026-03-24,Mobile,Email,Personal Loan,10,10,3,189.7,30.0
2026-03-24,Mobile,Email,Savings Account,8,8,3,232.125,37.5
2026-03-24,Mobile,Organic,Credit Card,17,17,2,201.11764705882354,11.76
2026-03-24,Mobile,Organic,Fixed Deposit,8,8,0,155.125,0.0
2026-03-24,Mobile,Organic,Personal Loan,14,14,4,251.71428571428572,28.57
2026-03-24,Mobile,Organic,Savings Account,11,11,1,214.27272727272728,9.09
2026-03-24,Mobile,Paid Search,Credit Card,13,13,3,198.0,23.08
2026-03-24,Mobile,Paid Search,Fixed Deposit,4,4,1,225.25,25.0
2026-03-24,Mobile,Paid Search,Personal Loan,12,12,2,219.58333333333334,16.67
2026-03-24,Mobile,Paid Search,Savings Account,22,22,5,215.13636363636363,22.73
2026-03-24,Mobile,Referral,Credit Card,4,4,0,192.5,0.0
2026-03-24,Mobile,Referral,Fixed Deposit,2,2,1,260.0,50.0
2026-03-24,Mobile,Referral,Personal Loan,7,7,0,165.42857142857142,0.0
2026-03-24,Mobile,Referral,Savings Account,4,4,1,292.25,25.0
2026-03-24,Tablet,Direct,Credit Card,1,1,1,463.0,100.0
2026-03-24,Tablet,Direct,Personal Loan,2,2,0,169.0,0.0
2026-03-24,Tablet,Email,Credit Card,1,1,1,280.0,100.0
2026-03-24,Tablet,Email,Personal Loan,1,1,0,165.0,0.0
2026-03-24,Tablet,Organic,Credit Card,2,2,0,119.5,0.0
2026-03-24,Tablet,Organic,Fixed Deposit,4,4,0,182.0,0.0
2026-03-24,Tablet,Organic,Personal Loan,2,2,0,175.5,0.0
2026-03-24,Tablet,Organic,Savings Account,1,1,0,129.0,0.0
2026-03-24,Tablet,Paid Search,Credit Card,2,2,1,245.0,50.0
2026-03-24,Tablet,Paid Search,Fixed Deposit,1,1,0,217.0,0.0
2026-03-24,Tablet,Paid Search,Savings Account,1,1,0,87.0,0.0
2026-03-24,Tablet,Referral,Fixed Deposit,1,1,0,58.0,0.0
2026-03-24,Tablet,Referral,Personal Loan,1,1,0,163.0,0.0
2026-03-24,Tablet,Referral,Savings Account,2,2,1,273.5,50.0
2026-03-25,Desktop,Direct,Credit Card,12,12,2,211.0,16.67
2026-03-25,Desktop,Direct,Fixed Deposit,5,5,2,241.2,40.0
2026-03-25,Desktop,Direct,Personal Loan,9,9,0,105.66666666666667,0.0
2026-03-25,Desktop,Direct,Savings Account,4,4,1,322.5,25.0
2026-03-25,Desktop,Email,Fixed Deposit,3,3,1,258.6666666666667,33.33
2026-03-25,Desktop,Email,Personal Loan,1,1,0,255.0,0.0
2026-03-25,Desktop,Email,Savings Account,5,5,3,214.8,60.0
2026-03-25,Desktop,Organic,Credit Card,11,11,6,298.27272727272725,54.55
2026-03-25,Desktop,Organic,Fixed Deposit,7,7,5,378.7142857142857,71.43
2026-03-25,Desktop,Organic,Personal Loan,9,9,1,252.55555555555554,11.11
2026-03-25,Desktop,Organic,Savings Account,4,4,1,113.0,25.0
2026-03-25,Desktop,Paid Search,Credit Card,7,7,0,186.0,0.0
2026-03-25,Desktop,Paid Search,Fixed Deposit,3,3,0,217.0,0.0
2026-03-25,Desktop,Paid Search,Personal Loan,5,5,1,264.4,20.0
2026-03-25,Desktop,Paid Search,Savings Account,7,7,3,291.42857142857144,42.86
2026-03-25,Desktop,Referral,Credit Card,4,4,0,85.0,0.0
2026-03-25,Desktop,Referral,Fixed Deposit,2,2,0,199.5,0.0
2026-03-25,Desktop,Referral,Personal Loan,4,4,2,278.25,50.0
2026-03-25,Desktop,Referral,Savings Account,3,3,1,213.33333333333334,33.33
2026-03-25,Mobile,Direct,Credit Card,17,17,5,229.35294117647058,29.41
2026-03-25,Mobile,Direct,Fixed Deposit,8,8,1,263.875,12.5
2026-03-25,Mobile,Direct,Personal Loan,13,13,3,207.6153846153846,23.08
2026-03-25,Mobile,Direct,Savings Account,19,19,5,225.78947368421052,26.32
2026-03-25,Mobile,Email,Credit Card,8,8,3,187.875,37.5
2026-03-25,Mobile,Email,Fixed Deposit,4,4,3,293.0,75.0
2026-03-25,Mobile,Email,Personal Loan,7,7,2,293.0,28.57
2026-03-25,Mobile,Email,Savings Account,7,7,5,304.42857142857144,71.43
2026-03-25,Mobile,Organic,Credit Card,22,22,7,215.54545454545453,31.82
2026-03-25,Mobile,Organic,Fixed Deposit,14,14,1,221.21428571428572,7.14
2026-03-25,Mobile,Organic,Personal Loan,16,16,2,222.5,12.5
2026-03-25,Mobile,Organic,Savings Account,22,22,6,238.22727272727272,27.27
2026-03-25,Mobile,Paid Search,Credit Card,14,14,2,183.0,14.29
2026-03-25,Mobile,Paid Search,Fixed Deposit,7,7,0,147.42857142857142,0.0
2026-03-25,Mobile,Paid Search,Personal Loan,12,12,1,191.75,8.33
2026-03-25,Mobile,Paid Search,Savings Account,23,23,5,176.56521739130434,21.74
2026-03-25,Mobile,Referral,Credit Card,11,11,3,276.54545454545456,27.27
2026-03-25,Mobile,Referral,Fixed Deposit,3,3,1,141.33333333333334,33.33
2026-03-25,Mobile,Referral,Personal Loan,3,3,0,128.0,0.0
2026-03-25,Mobile,Referral,Savings Account,10,10,2,253.0,20.0
2026-03-25,Tablet,Direct,Credit Card,1,1,0,102.0,0.0
2026-03-25,Tablet,Direct,Savings Account,1,1,1,358.0,100.0
2026-03-25,Tablet,Email,Fixed Deposit,1,1,0,30.0,0.0
2026-03-25,Tablet,Email,Personal Loan,1,1,0,184.0,0.0
2026-03-25,Tablet,Email,Savings Account,1,1,0,114.0,0.0
2026-03-25,Tablet,Organic,Credit Card,1,1,0,13.0,0.0
2026-03-25,Tablet,Organic,Savings Account,4,4,1,197.0,25.0
2026-03-25,Tablet,Paid Search,Credit Card,1,1,0,139.0,0.0
2026-03-25,Tablet,Paid Search,Personal Loan,1,1,0,120.0,0.0
2026-03-25,Tablet,Referral,Credit Card,1,1,1,415.0,100.0
2026-03-25,Tablet,Referral,Savings Account,1,1,1,563.0,100.0
2026-03-26,Desktop,Direct,Credit Card,6,6,1,213.0,16.67
2026-03-26,Desktop,Direct,Fixed Deposit,1,1,0,151.0,0.0
2026-03-26,Desktop,Direct,Personal Loan,6,6,1,244.5,16.67
2026-03-26,Desktop,Direct,Savings Account,6,6,3,342.8333333333333,50.0
2026-03-26,Desktop,Email,Credit Card,2,2,0,113.5,0.0
2026-03-26,Desktop,Email,Personal Loan,2,2,1,245.0,50.0
2026-03-26,Desktop,Email,Savings Account,5,5,2,339.8,40.0
2026-03-26,Desktop,Organic,Credit Card,6,6,2,201.16666666666666,33.33
2026-03-26,Desktop,Organic,Fixed Deposit,3,3,1,288.0,33.33
2026-03-26,Desktop,Organic,Personal Loan,5,5,1,194.0,20.0
2026-03-26,Desktop,Organic,Savings Account,4,4,0,142.75,0.0
2026-03-26,Desktop,Paid Search,Credit Card,3,3,0,238.0,0.0
2026-03-26,Desktop,Paid Search,Fixed Deposit,3,3,1,243.66666666666666,33.33
2026-03-26,Desktop,Paid Search,Personal Loan,9,9,2,278.3333333333333,22.22
2026-03-26,Desktop,Paid Search,Savings Account,4,4,2,233.5,50.0
2026-03-26,Desktop,Referral,Credit Card,3,3,1,209.0,33.33
2026-03-26,Desktop,Referral,Fixed Deposit,2,2,1,419.0,50.0
2026-03-26,Desktop,Referral,Savings Account,2,2,2,252.5,100.0
2026-03-26,Mobile,Direct,Credit Card,16,16,5,209.8125,31.25
2026-03-26,Mobile,Direct,Fixed Deposit,5,5,1,158.8,20.0
2026-03-26,Mobile,Direct,Personal Loan,13,13,2,221.3846153846154,15.38
2026-03-26,Mobile,Direct,Savings Account,23,23,6,229.52173913043478,26.09
2026-03-26,Mobile,Email,Credit Card,8,8,2,227.375,25.0
2026-03-26,Mobile,Email,Fixed Deposit,1,1,1,439.0,100.0
2026-03-26,Mobile,Email,Personal Loan,10,10,2,267.4,20.0
2026-03-26,Mobile,Email,Savings Account,6,6,1,256.8333333333333,16.67
2026-03-26,Mobile,Organic,Credit Card,16,16,2,209.3125,12.5
2026-03-26,Mobile,Organic,Fixed Deposit,4,4,0,230.25,0.0
2026-03-26,Mobile,Organic,Personal Loan,17,17,4,268.0,23.53
2026-03-26,Mobile,Organic,Savings Account,23,23,6,217.08695652173913,26.09
2026-03-26,Mobile,Paid Search,Credit Card,23,23,5,205.8695652173913,21.74
2026-03-26,Mobile,Paid Search,Fixed Deposit,10,10,3,248.4,30.0
2026-03-26,Mobile,Paid Search,Personal Loan,13,13,3,228.07692307692307,23.08
2026-03-26,Mobile,Paid Search,Savings Account,16,16,3,247.4375,18.75
2026-03-26,Mobile,Referral,Credit Card,5,5,1,207.4,20.0
2026-03-26,Mobile,Referral,Personal Loan,7,7,1,270.57142857142856,14.29
2026-03-26,Mobile,Referral,Savings Account,9,9,3,261.3333333333333,33.33
2026-03-26,Tablet,Direct,Credit Card,4,4,1,176.0,25.0
2026-03-26,Tablet,Direct,Personal Loan,1,1,0,370.0,0.0
2026-03-26,Tablet,Email,Personal Loan,1,1,0,221.0,0.0
2026-03-26,Tablet,Email,Savings Account,2,2,0,201.5,0.0
2026-03-26,Tablet,Organic,Credit Card,1,1,0,541.0,0.0
2026-03-26,Tablet,Organic,Personal Loan,3,3,1,291.3333333333333,33.33
2026-03-26,Tablet,Organic,Savings Account,1,1,0,121.0,0.0
2026-03-26,Tablet,Paid Search,Credit Card,2,2,0,388.5,0.0
2026-03-26,Tablet,Paid Search,Fixed Deposit,1,1,0,279.0,0.0
2026-03-26,Tablet,Paid Search,Personal Loan,1,1,0,12.0,0.0
2026-03-26,Tablet,Paid Search,Savings Account,2,2,1,375.5,50.0
2026-03-26,Tablet,Referral,Personal Loan,1,1,0,47.0,0.0
2026-03-26,Tablet,Referral,Savings Account,1,1,1,331.0,100.0
2026-03-27,Desktop,Direct,Credit Card,7,7,1,189.85714285714286,14.29
2026-03-27,Desktop,Direct,Fixed Deposit,3,3,1,309.6666666666667,33.33
2026-03-27,Desktop,Direct,Personal Loan,10,10,1,178.6,10.0
2026-03-27,Desktop,Direct,Savings Account,10,10,6,256.0,60.0
2026-03-27,Desktop,Email,Credit Card,4,4,1,301.5,25.0
2026-03-27,Desktop,Email,Fixed Deposit,3,3,1,245.0,33.33
2026-03-27,Desktop,Email,Personal Loan,4,4,1,239.0,25.0
2026-03-27,Desktop,Email,Savings Account,1,1,1,222.0,100.0
2026-03-27,Desktop,Organic,Credit Card,9,9,5,256.44444444444446,55.56
2026-03-27,Desktop,Organic,Fixed Deposit,7,7,2,249.57142857142858,28.57
2026-03-27,Desktop,Organic,Personal Loan,8,8,0,197.25,0.0
2026-03-27,Desktop,Organic,Savings Account,5,5,1,283.2,20.0
2026-03-27,Desktop,Paid Search,Credit Card,7,7,1,143.0,14.29
2026-03-27,Desktop,Paid Search,Fixed Deposit,8,8,3,208.125,37.5
2026-03-27,Desktop,Paid Search,Personal Loan,2,2,0,160.0,0.0
2026-03-27,Desktop,Paid Search,Savings Account,11,11,1,159.72727272727272,9.09
2026-03-27,Desktop,Referral,Credit Card,3,3,1,253.66666666666666,33.33
2026-03-27,Desktop,Referral,Fixed Deposit,1,1,1,269.0,100.0
2026-03-27,Desktop,Referral,Personal Loan,2,2,0,120.5,0.0
2026-03-27,Desktop,Referral,Savings Account,3,3,1,306.0,33.33
2026-03-27,Mobile,Direct,Credit Card,16,16,2,192.0625,12.5
2026-03-27,Mobile,Direct,Fixed Deposit,8,8,1,236.375,12.5
2026-03-27,Mobile,Direct,Personal Loan,12,12,1,169.5,8.33
2026-03-27,Mobile,Direct,Savings Account,21,21,5,240.9047619047619,23.81
2026-03-27,Mobile,Email,Credit Card,14,14,2,213.0,14.29
2026-03-27,Mobile,Email,Fixed Deposit,8,8,1,185.375,12.5
2026-03-27,Mobile,Email,Personal Loan,9,9,3,216.33333333333334,33.33
2026-03-27,Mobile,Email,Savings Account,7,7,1,223.85714285714286,14.29
2026-03-27,Mobile,Organic,Credit Card,19,19,5,229.52631578947367,26.32
2026-03-27,Mobile,Organic,Fixed Deposit,10,10,0,134.1,0.0
2026-03-27,Mobile,Organic,Personal Loan,13,13,2,201.46153846153845,15.38
2026-03-27,Mobile,Organic,Savings Account,24,24,9,241.54166666666666,37.5
2026-03-27,Mobile,Paid Search,Credit Card,13,13,1,197.23076923076923,7.69
2026-03-27,Mobile,Paid Search,Fixed Deposit,9,9,2,162.77777777777777,22.22
2026-03-27,Mobile,Paid Search,Personal Loan,15,15,2,202.53333333333333,13.33
2026-03-27,Mobile,Paid Search,Savings Account,20,20,2,184.1,10.0
2026-03-27,Mobile,Referral,Credit Card,9,9,3,206.0,33.33
2026-03-27,Mobile,Referral,Fixed Deposit,2,2,0,197.5,0.0
2026-03-27,Mobile,Referral,Personal Loan,1,1,0,194.0,0.0
2026-03-27,Mobile,Referral,Savings Account,5,5,1,282.8,20.0
2026-03-27,Tablet,Direct,Credit Card,2,2,0,107.5,0.0
2026-03-27,Tablet,Direct,Personal Loan,1,1,0,230.0,0.0
2026-03-27,Tablet,Direct,Savings Account,4,4,3,303.25,75.0
2026-03-27,Tablet,Email,Fixed Deposit,1,1,0,183.0,0.0
2026-03-27,Tablet,Email,Personal Loan,1,1,1,376.0,100.0
2026-03-27,Tablet,Organic,Credit Card,1,1,0,38.0,0.0
2026-03-27,Tablet,Paid Search,Credit Card,3,3,0,122.33333333333333,0.0
2026-03-27,Tablet,Paid Search,Savings Account,1,1,0,224.0,0.0
2026-03-27,Tablet,Referral,Credit Card,1,1,0,473.0,0.0
2026-03-27,Tablet,Referral,Fixed Deposit,1,1,0,205.0,0.0
2026-03-27,Tablet,Referral,Savings Account,1,1,0,183.0,0.0
2026-03-28,Desktop,Direct,Credit Card,5,5,2,204.0,40.0
2026-03-28,Desktop,Direct,Fixed Deposit,4,4,4,429.5,100.0
2026-03-28,Desktop,Direct,Personal Loan,4,4,1,375.25,25.0
2026-03-28,Desktop,Direct,Savings Account,6,6,2,281.0,33.33
2026-03-28,Desktop,Email,Fixed Deposit,2,2,1,319.5,50.0
2026-03-28,Desktop,Email,Personal Loan,4,4,0,214.75,0.0
2026-03-28,Desktop,Email,Savings Account,3,3,2,313.0,66.67
2026-03-28,Desktop,Organic,Credit Card,10,10,2,243.7,20.0
2026-03-28,Desktop,Organic,Fixed Deposit,3,3,1,212.0,33.33
2026-03-28,Desktop,Organic,Personal Loan,7,7,2,204.57142857142858,28.57
2026-03-28,Desktop,Organic,Savings Account,8,8,2,290.75,25.0
2026-03-28,Desktop,Paid Search,Credit Card,8,8,3,281.25,37.5
2026-03-28,Desktop,Paid Search,Fixed Deposit,3,3,2,310.3333333333333,66.67
2026-03-28,Desktop,Paid Search,Personal Loan,3,3,1,159.33333333333334,33.33
2026-03-28,Desktop,Paid Search,Savings Account,6,6,1,254.16666666666666,16.67
2026-03-28,Desktop,Referral,Credit Card,4,4,1,190.5,25.0
2026-03-28,Desktop,Referral,Fixed Deposit,1,1,0,350.0,0.0
2026-03-28,Desktop,Referral,Personal Loan,4,4,1,240.25,25.0
2026-03-28,Desktop,Referral,Savings Account,8,8,3,206.375,37.5
2026-03-28,Mobile,Direct,Credit Card,15,15,7,274.2,46.67
2026-03-28,Mobile,Direct,Fixed Deposit,5,5,3,284.8,60.0
2026-03-28,Mobile,Direct,Personal Loan,14,14,7,268.7142857142857,50.0
2026-03-28,Mobile,Direct,Savings Account,18,18,1,268.5,5.56
2026-03-28,Mobile,Email,Credit Card,8,8,1,227.875,12.5
2026-03-28,Mobile,Email,Fixed Deposit,2,2,1,360.0,50.0
2026-03-28,Mobile,Email,Personal Loan,5,5,0,197.2,0.0
2026-03-28,Mobile,Email,Savings Account,6,6,3,275.8333333333333,50.0
2026-03-28,Mobile,Organic,Credit Card,16,16,1,181.0,6.25
2026-03-28,Mobile,Organic,Fixed Deposit,7,7,0,241.0,0.0
2026-03-28,Mobile,Organic,Personal Loan,14,14,1,171.35714285714286,7.14
2026-03-28,Mobile,Organic,Savings Account,19,19,4,210.68421052631578,21.05
2026-03-28,Mobile,Paid Search,Credit Card,17,17,6,263.1764705882353,35.29
2026-03-28,Mobile,Paid Search,Fixed Deposit,5,5,0,149.0,0.0
2026-03-28,Mobile,Paid Search,Personal Loan,13,13,6,264.3076923076923,46.15
2026-03-28,Mobile,Paid Search,Savings Account,14,14,4,245.71428571428572,28.57
2026-03-28,Mobile,Referral,Credit Card,18,18,5,251.22222222222223,27.78
2026-03-28,Mobile,Referral,Fixed Deposit,2,2,0,242.0,0.0
2026-03-28,Mobile,Referral,Personal Loan,3,3,1,273.0,33.33
2026-03-28,Mobile,Referral,Savings Account,4,4,0,212.25,0.0
2026-03-28,Tablet,Direct,Credit Card,1,1,0,290.0,0.0
2026-03-28,Tablet,Direct,Fixed Deposit,3,3,0,139.66666666666666,0.0
2026-03-28,Tablet,Direct,Personal Loan,1,1,0,213.0,0.0
2026-03-28,Tablet,Email,Personal Loan,1,1,0,26.0,0.0
2026-03-28,Tablet,Organic,Credit Card,2,2,1,298.5,50.0
2026-03-28,Tablet,Organic,Fixed Deposit,2,2,1,277.0,50.0
2026-03-28,Tablet,Organic,Personal Loan,2,2,1,245.0,50.0
2026-03-28,Tablet,Organic,Savings Account,1,1,0,244.0,0.0
2026-03-28,Tablet,Paid Search,Credit Card,2,2,0,226.5,0.0
2026-03-28,Tablet,Paid Search,Personal Loan,1,1,0,108.0,0.0
2026-03-28,Tablet,Paid Search,Savings Account,2,2,1,292.5,50.0
2026-03-28,Tablet,Referral,Fixed Deposit,1,1,0,86.0,0.0
2026-03-29,Desktop,Direct,Credit Card,7,7,1,164.0,14.29
2026-03-29,Desktop,Direct,Fixed Deposit,1,1,0,244.0,0.0
2026-03-29,Desktop,Direct,Personal Loan,4,4,0,265.25,0.0
2026-03-29,Desktop,Direct,Savings Account,7,7,4,334.42857142857144,57.14
2026-03-29,Desktop,Email,Credit Card,4,4,0,181.25,0.0
2026-03-29,Desktop,Email,Fixed Deposit,3,3,0,243.33333333333334,0.0
2026-03-29,Desktop,Email,Personal Loan,6,6,1,244.33333333333334,16.67
2026-03-29,Desktop,Email,Savings Account,2,2,1,335.0,50.0
2026-03-29,Desktop,Organic,Credit Card,10,10,2,223.7,20.0
2026-03-29,Desktop,Organic,Fixed Deposit,8,8,2,187.125,25.0
2026-03-29,Desktop,Organic,Personal Loan,7,7,1,218.42857142857142,14.29
2026-03-29,Desktop,Organic,Savings Account,12,12,5,268.9166666666667,41.67
2026-03-29,Desktop,Paid Search,Credit Card,7,7,0,158.85714285714286,0.0
2026-03-29,Desktop,Paid Search,Fixed Deposit,3,3,1,185.0,33.33
2026-03-29,Desktop,Paid Search,Personal Loan,4,4,0,161.75,0.0
2026-03-29,Desktop,Paid Search,Savings Account,8,8,1,206.125,12.5
2026-03-29,Desktop,Referral,Credit Card,2,2,1,288.5,50.0
2026-03-29,Desktop,Referral,Fixed Deposit,1,1,1,261.0,100.0
2026-03-29,Desktop,Referral,Personal Loan,2,2,2,357.0,100.0
2026-03-29,Desktop,Referral,Savings Account,4,4,2,276.5,50.0
2026-03-29,Mobile,Direct,Credit Card,14,14,3,230.92857142857142,21.43
2026-03-29,Mobile,Direct,Fixed Deposit,9,9,1,214.11111111111111,11.11
2026-03-29,Mobile,Direct,Personal Loan,13,13,1,166.84615384615384,7.69
2026-03-29,Mobile,Direct,Savings Account,18,18,7,247.83333333333334,38.89
2026-03-29,Mobile,Email,Credit Card,4,4,1,254.0,25.0
2026-03-29,Mobile,Email,Fixed Deposit,5,5,3,317.4,60.0
2026-03-29,Mobile,Email,Personal Loan,4,4,0,187.5,0.0
2026-03-29,Mobile,Email,Savings Account,9,9,5,322.8888888888889,55.56
2026-03-29,Mobile,Organic,Credit Card,19,19,2,187.21052631578948,10.53
2026-03-29,Mobile,Organic,Fixed Deposit,8,8,4,273.0,50.0
2026-03-29,Mobile,Organic,Personal Loan,22,22,4,245.13636363636363,18.18
2026-03-29,Mobile,Organic,Savings Account,26,26,4,188.57692307692307,15.38
2026-03-29,Mobile,Paid Search,Credit Card,20,20,6,255.15,30.0
2026-03-29,Mobile,Paid Search,Fixed Deposit,4,4,2,251.0,50.0
2026-03-29,Mobile,Paid Search,Personal Loan,14,14,4,321.07142857142856,28.57
2026-03-29,Mobile,Paid Search,Savings Account,22,22,8,232.1818181818182,36.36
2026-03-29,Mobile,Referral,Credit Card,6,6,1,234.16666666666666,16.67
2026-03-29,Mobile,Referral,Fixed Deposit,1,1,0,111.0,0.0
2026-03-29,Mobile,Referral,Personal Loan,4,4,0,147.75,0.0
2026-03-29,Mobile,Referral,Savings Account,7,7,2,231.14285714285714,28.57
2026-03-29,Tablet,Direct,Credit Card,2,2,0,125.0,0.0
2026-03-29,Tablet,Direct,Fixed Deposit,2,2,1,279.0,50.0
2026-03-29,Tablet,Direct,Savings Account,2,2,1,204.5,50.0
2026-03-29,Tablet,Email,Savings Account,2,2,1,298.0,50.0
2026-03-29,Tablet,Organic,Credit Card,4,4,1,225.25,25.0
2026-03-29,Tablet,Organic,Personal Loan,2,2,1,252.0,50.0
2026-03-29,Tablet,Organic,Savings Account,2,2,0,179.5,0.0
2026-03-29,Tablet,Paid Search,Fixed Deposit,2,2,1,269.5,50.0
2026-03-29,Tablet,Referral,Credit Card,1,1,0,27.0,0.0
2026-03-30,Desktop,Direct,Credit Card,2,2,2,339.0,100.0
2026-03-30,Desktop,Direct,Fixed Deposit,2,2,0,179.5,0.0
2026-03-30,Desktop,Direct,Personal Loan,6,6,1,243.5,16.67
2026-03-30,Desktop,Direct,Savings Account,4,4,1,367.0,25.0
2026-03-30,Desktop,Email,Credit Card,5,5,2,221.8,40.0
2026-03-30,Desktop,Email,Fixed Deposit,1,1,0,218.0,0.0
2026-03-30,Desktop,Email,Personal Loan,7,7,0,158.57142857142858,0.0
2026-03-30,Desktop,Email,Savings Account,4,4,1,346.75,25.0
2026-03-30,Desktop,Organic,Credit Card,11,11,2,254.36363636363637,18.18
2026-03-30,Desktop,Organic,Fixed Deposit,2,2,2,292.0,100.0
2026-03-30,Desktop,Organic,Personal Loan,3,3,0,247.66666666666666,0.0
2026-03-30,Desktop,Organic,Savings Account,12,12,3,233.5,25.0
2026-03-30,Desktop,Paid Search,Credit Card,5,5,1,231.4,20.0
2026-03-30,Desktop,Paid Search,Fixed Deposit,1,1,0,163.0,0.0
2026-03-30,Desktop,Paid Search,Personal Loan,8,8,1,164.875,12.5
2026-03-30,Desktop,Paid Search,Savings Account,8,8,5,284.25,62.5
2026-03-30,Desktop,Referral,Credit Card,4,4,1,261.5,25.0
2026-03-30,Desktop,Referral,Personal Loan,3,3,0,145.0,0.0
2026-03-30,Desktop,Referral,Savings Account,1,1,0,43.0,0.0
2026-03-30,Mobile,Direct,Credit Card,25,25,10,287.6,40.0
2026-03-30,Mobile,Direct,Fixed Deposit,4,4,2,290.75,50.0
2026-03-30,Mobile,Direct,Personal Loan,14,14,3,273.7142857142857,21.43
2026-03-30,Mobile,Direct,Savings Account,20,20,6,211.15,30.0
2026-03-30,Mobile,Email,Credit Card,8,8,2,244.875,25.0
2026-03-30,Mobile,Email,Fixed Deposit,7,7,3,376.42857142857144,42.86
2026-03-30,Mobile,Email,Personal Loan,4,4,1,260.75,25.0
2026-03-30,Mobile,Email,Savings Account,9,9,0,174.44444444444446,0.0
2026-03-30,Mobile,Organic,Credit Card,21,21,3,206.1904761904762,14.29
2026-03-30,Mobile,Organic,Fixed Deposit,10,10,0,137.4,0.0
2026-03-30,Mobile,Organic,Personal Loan,11,11,0,149.36363636363637,0.0
2026-03-30,Mobile,Organic,Savings Account,19,18,5,266.5263157894737,26.32
2026-03-30,Mobile,Paid Search,Credit Card,16,16,6,259.75,37.5
2026-03-30,Mobile,Paid Search,Fixed Deposit,6,6,0,189.33333333333334,0.0
2026-03-30,Mobile,Paid Search,Personal Loan,7,7,1,211.42857142857142,14.29
2026-03-30,Mobile,Paid Search,Savings Account,13,13,3,240.6153846153846,23.08
2026-03-30,Mobile,Referral,Credit Card,4,4,0,180.5,0.0
2026-03-30,Mobile,Referral,Fixed Deposit,1,1,0,11.0,0.0
2026-03-30,Mobile,Referral,Personal Loan,5,5,2,304.2,40.0
2026-03-30,Mobile,Referral,Savings Account,5,5,4,253.0,80.0
2026-03-30,Tablet,Direct,Credit Card,2,2,0,113.5,0.0
2026-03-30,Tablet,Direct,Fixed Deposit,1,1,0,208.0,0.0
2026-03-30,Tablet,Direct,Personal Loan,3,3,0,74.66666666666667,0.0
2026-03-30,Tablet,Direct,Savings Account,3,3,0,294.0,0.0
2026-03-30,Tablet,Email,Credit Card,1,1,0,204.0,0.0
2026-03-30,Tablet,Email,Fixed Deposit,1,1,0,120.0,0.0
2026-03-30,Tablet,Email,Savings Account,1,1,1,277.0,100.0
2026-03-30,Tablet,Organic,Credit Card,1,1,0,297.0,0.0
2026-03-30,Tablet,Organic,Fixed Deposit,2,2,2,263.5,100.0
2026-03-30,Tablet,Organic,Savings Account,1,1,0,276.0,0.0
2026-03-30,Tablet,Paid Search,Credit Card,1,1,0,125.0,0.0
2026-03-30,Tablet,Paid Search,Personal Loan,1,1,1,289.0,100.0
2026-03-30,Tablet,Paid Search,Savings Account,2,2,1,311.0,50.0
2026-03-30,Tablet,Referral,Credit Card,1,1,0,231.0,0.0
2026-03-31,Desktop,Direct,Credit Card,5,5,2,157.0,40.0
2026-03-31,Desktop,Direct,Fixed Deposit,6,6,1,155.66666666666666,16.67
2026-03-31,Desktop,Direct,Personal Loan,6,6,2,219.0,33.33
2026-03-31,Desktop,Direct,Savings Account,13,13,6,266.3076923076923,46.15
2026-03-31,Desktop,Email,Credit Card,5,5,4,329.4,80.0
2026-03-31,Desktop,Email,Fixed Deposit,2,2,0,274.0,0.0
2026-03-31,Desktop,Email,Personal Loan,1,1,0,140.0,0.0
2026-03-31,Desktop,Email,Savings Account,1,1,0,344.0,0.0
2026-03-31,Desktop,Organic,Credit Card,8,8,2,214.375,25.0
2026-03-31,Desktop,Organic,Fixed Deposit,1,1,0,119.0,0.0
2026-03-31,Desktop,Organic,Personal Loan,13,13,2,238.23076923076923,15.38
2026-03-31,Desktop,Organic,Savings Account,13,13,5,259.46153846153845,38.46
2026-03-31,Desktop,Paid Search,Credit Card,6,6,1,217.66666666666666,16.67
2026-03-31,Desktop,Paid Search,Fixed Deposit,1,1,0,236.0,0.0
2026-03-31,Desktop,Paid Search,Personal Loan,2,2,0,235.0,0.0
2026-03-31,Desktop,Paid Search,Savings Account,6,6,2,276.5,33.33
2026-03-31,Desktop,Referral,Credit Card,1,1,1,476.0,100.0
2026-03-31,Desktop,Referral,Personal Loan,5,5,2,181.0,40.0
2026-03-31,Desktop,Referral,Savings Account,5,5,2,203.4,40.0
2026-03-31,Mobile,Direct,Credit Card,22,22,4,266.09090909090907,18.18
2026-03-31,Mobile,Direct,Fixed Deposit,4,4,1,268.75,25.0
2026-03-31,Mobile,Direct,Personal Loan,11,11,5,265.09090909090907,45.45
2026-03-31,Mobile,Direct,Savings Account,16,16,5,254.9375,31.25
2026-03-31,Mobile,Email,Credit Card,7,7,1,233.71428571428572,14.29
2026-03-31,Mobile,Email,Fixed Deposit,4,4,3,246.5,75.0
2026-03-31,Mobile,Email,Personal Loan,10,10,6,265.6,60.0
2026-03-31,Mobile,Email,Savings Account,4,4,1,230.75,25.0
2026-03-31,Mobile,Organic,Credit Card,21,20,3,208.42857142857142,14.29
2026-03-31,Mobile,Organic,Fixed Deposit,17,17,2,199.23529411764707,11.76
2026-03-31,Mobile,Organic,Personal Loan,16,16,2,219.5,12.5
2026-03-31,Mobile,Organic,Savings Account,20,20,6,254.1,30.0
2026-03-31,Mobile,Paid Search,Credit Card,12,12,4,240.5,33.33
2026-03-31,Mobile,Paid Search,Fixed Deposit,4,4,1,286.25,25.0
2026-03-31,Mobile,Paid Search,Personal Loan,12,12,3,259.25,25.0
2026-03-31,Mobile,Paid Search,Savings Account,13,13,4,233.3846153846154,30.77
2026-03-31,Mobile,Referral,Credit Card,2,2,0,237.5,0.0
2026-03-31,Mobile,Referral,Fixed Deposit,2,2,0,159.0,0.0
2026-03-31,Mobile,Referral,Personal Loan,1,1,0,226.0,0.0
2026-03-31,Mobile,Referral,Savings Account,2,2,0,367.0,0.0
2026-03-31,Tablet,Direct,Credit Card,2,2,1,209.0,50.0
2026-03-31,Tablet,Direct,Savings Account,3,3,0,146.66666666666666,0.0
2026-03-31,Tablet,Email,Savings Account,2,2,1,376.5,50.0
2026-03-31,Tablet,Organic,Credit Card,1,1,0,239.0,0.0
2026-03-31,Tablet,Organic,Personal Loan,1,1,0,132.0,0.0
2026-03-31,Tablet,Paid Search,Credit Card,1,1,0,287.0,0.0
2026-03-31,Tablet,Paid Search,Personal Loan,1,1,0,27.0,0.0
2026-03-31,Tablet,Paid Search,Savings Account,1,1,0,111.0,0.0
2026-03-31,Tablet,Referral,Credit Card,1,1,0,62.0,0.0
2026-03-31,Tablet,Referral,Fixed Deposit,1,1,0,98.0,0.0
2026-03-31,Tablet,Referral,Savings Account,1,1,0,76.0,0.0
